time,artemia_count,temperature
2025-05-08 00:00:00,134,26.73029435414169
2025-05-08 00:01:00,130,26.764474519782848
2025-05-08 00:02:00,130,26.855084875603115
2025-05-08 00:03:00,131,27.605565890701943
2025-05-08 00:04:00,130,27.385087985024548
2025-05-08 00:05:00,134,27.58690626231815
2025-05-08 00:06:00,134,27.166333449844547
2025-05-08 00:07:00,130,27.047812992100333
2025-05-08 00:08:00,133,26.689415673795928
2025-05-08 00:09:00,134,26.63112939800245
2025-05-08 00:10:00,134,27.459612161186342
2025-05-08 00:11:00,133,27.16340989320051
2025-05-08 00:12:00,134,26.749595287862604
2025-05-08 00:13:00,133,27.07324955517716
2025-05-08 00:14:00,130,26.61840362739697
2025-05-08 00:15:00,129,25.9410215088326
2025-05-08 00:16:00,128,26.0120420871926
2025-05-08 00:17:00,127,26.027634212379123
2025-05-08 00:18:00,128,26.060179875070418
2025-05-08 00:19:00,127,26.13545298036923
2025-05-08 00:20:00,128,26.372569654754702
2025-05-08 00:21:00,129,26.307761310658005
2025-05-08 00:22:00,127,26.24334055862437
2025-05-08 00:23:00,126,26.516318716673123
2025-05-08 00:24:00,126,26.158588238861697
2025-05-08 00:25:00,125,26.4892306570985
2025-05-08 00:26:00,123,26.57194068374609
2025-05-08 00:27:00,123,26.65305760073758
2025-05-08 00:28:00,121,26.786362803387863
2025-05-08 00:29:00,123,26.9271538673274
2025-05-08 00:30:00,124,27.0138584149624
2025-05-08 00:31:00,126,26.88497304728629
2025-05-08 00:32:00,125,27.11304958341258
2025-05-08 00:33:00,124,27.211610387693646
2025-05-08 00:34:00,124,27.123527992701938
2025-05-08 00:35:00,126,27.28711937712269
2025-05-08 00:36:00,126,27.25255370918871
2025-05-08 00:37:00,126,27.50345261514564
2025-05-08 00:38:00,128,27.64373714929945
2025-05-08 00:39:00,126,27.49751034543305
2025-05-08 00:40:00,125,27.7017492925448
2025-05-08 00:41:00,127,27.81498594189628
2025-05-08 00:42:00,127,27.90107955126234
2025-05-08 00:43:00,126,27.953412449975644
2025-05-08 00:44:00,127,27.912003719661552
2025-05-08 00:45:00,128,27.887379970546487
2025-05-08 00:46:00,127,27.93308654363336
2025-05-08 00:47:00,125,28.010140111817936
2025-05-08 00:48:00,125,28.149302244997493
2025-05-08 00:49:00,127,27.90805648033108
2025-05-08 00:50:00,127,28.053274962197367
2025-05-08 00:51:00,129,28.0321567664626
2025-05-08 00:52:00,127,28.18667953602648
2025-05-08 00:53:00,129,27.96928422292999
2025-05-08 00:54:00,131,28.054986801195515
2025-05-08 00:55:00,129,27.791616922738783
2025-05-08 00:56:00,129,27.8291590681666
2025-05-08 00:57:00,130,27.981715334232145
2025-05-08 00:58:00,131,27.712911787651247
2025-05-08 00:59:00,133,27.742848738357257
2025-05-08 01:00:00,134,27.61168248194331
2025-05-08 01:01:00,136,27.3815109237134
2025-05-08 01:02:00,136,27.537102147186847
2025-05-08 01:03:00,135,27.320703549750583
2025-05-08 01:04:00,135,27.06856179512373
2025-05-08 01:05:00,134,27.152783919709897
2025-05-08 01:06:00,136,26.924808494820034
2025-05-08 01:07:00,138,27.23535409211004
2025-05-08 01:08:00,140,26.970619318715187
2025-05-08 01:09:00,139,26.952034975880736
2025-05-08 01:10:00,138,26.71481060436023
2025-05-08 01:11:00,137,26.664727292199245
2025-05-08 01:12:00,135,26.51887177900129
2025-05-08 01:13:00,136,26.46092074074967
2025-05-08 01:14:00,138,26.41163622807125
2025-05-08 01:15:00,139,26.48568245348001
2025-05-08 01:16:00,137,26.221771784212542
2025-05-08 01:17:00,139,26.23637109018962
2025-05-08 01:18:00,141,26.22483596554089
2025-05-08 01:19:00,140,26.2716282672374
2025-05-08 01:20:00,138,26.183386204909144
2025-05-08 01:21:00,140,26.080657441526217
2025-05-08 01:22:00,140,26.021508622246493
2025-05-08 01:23:00,141,26.046034380902537
2025-05-08 01:24:00,140,25.860507780715373
2025-05-08 01:25:00,138,26.000903933995243
2025-05-08 01:26:00,139,26.05213187374113
2025-05-08 01:27:00,140,26.09247037365614
2025-05-08 01:28:00,142,26.04695716818317
2025-05-08 01:29:00,143,26.096041712370965
2025-05-08 01:30:00,144,25.84296201745936
2025-05-08 01:31:00,144,26.105711747882644
2025-05-08 01:32:00,145,26.073409459224457
2025-05-08 01:33:00,146,26.22970044727651
2025-05-08 01:34:00,144,26.31693186866349
2025-05-08 01:35:00,142,26.34080107626092
2025-05-08 01:36:00,144,26.388427835223307
2025-05-08 01:37:00,144,26.481345108880262
2025-05-08 01:38:00,143,26.551133571213427
2025-05-08 01:39:00,143,26.542223588341653
2025-05-08 01:40:00,143,26.57569611572443
2025-05-08 01:41:00,144,26.72571784042386
2025-05-08 01:42:00,143,26.89873788483109
2025-05-08 01:43:00,141,26.696905765448115
2025-05-08 01:44:00,140,26.881937740084908
2025-05-08 01:45:00,140,27.228385022626217
2025-05-08 01:46:00,141,27.427939841471584
2025-05-08 01:47:00,140,27.1695833149382
2025-05-08 01:48:00,142,27.34423017842405
2025-05-08 01:49:00,140,27.434482206314
2025-05-08 01:50:00,138,27.57024726809073
2025-05-08 01:51:00,139,27.576044557191388
2025-05-08 01:52:00,139,27.69775970005464
2025-05-08 01:53:00,137,27.557384062706124
2025-05-08 01:54:00,139,27.717084719343458
2025-05-08 01:55:00,139,27.897105304258613
2025-05-08 01:56:00,137,27.7417312076795
2025-05-08 01:57:00,138,27.985474478324523
2025-05-08 01:58:00,140,28.036238165697966
2025-05-08 01:59:00,141,28.13930259934728
2025-05-08 02:00:00,143,27.974504934839263
2025-05-08 02:01:00,143,27.991805700037578
2025-05-08 02:02:00,145,28.03873408637908
2025-05-08 02:03:00,146,27.889292791738026
2025-05-08 02:04:00,147,28.15114644703963
2025-05-08 02:05:00,145,27.899681976107765
2025-05-08 02:06:00,145,27.99307383460175
2025-05-08 02:07:00,143,27.949287252115493
2025-05-08 02:08:00,141,27.752711653217062
2025-05-08 02:09:00,141,27.65672946928184
2025-05-08 02:10:00,143,27.797896080600108
2025-05-08 02:11:00,144,27.79809645022719
2025-05-08 02:12:00,142,27.777221340249568
2025-05-08 02:13:00,141,27.56751385328362
2025-05-08 02:14:00,141,27.58932379008513
2025-05-08 02:15:00,139,27.561430029153016
2025-05-08 02:16:00,138,27.52145968519658
2025-05-08 02:17:00,137,27.27039579448367
2025-05-08 02:18:00,139,27.19993788106736
2025-05-08 02:19:00,140,27.0200514328487
2025-05-08 02:20:00,138,26.97170848689445
2025-05-08 02:21:00,137,27.0307176034708
2025-05-08 02:22:00,137,26.51829382334476
2025-05-08 02:23:00,138,26.80893668536352
2025-05-08 02:24:00,138,26.54208613095344
2025-05-08 02:25:00,138,26.52461326274227
2025-05-08 02:26:00,140,26.49943636451645
2025-05-08 02:27:00,138,26.17420136286076
2025-05-08 02:28:00,138,26.500778936596657
2025-05-08 02:29:00,140,26.32200319821669
2025-05-08 02:30:00,141,26.05427424556032
2025-05-08 02:31:00,143,26.34400058357859
2025-05-08 02:32:00,143,26.084262163621204
2025-05-08 02:33:00,142,26.036589910704983
2025-05-08 02:34:00,143,25.9262957884272
2025-05-08 02:35:00,141,25.86373828460917
2025-05-08 02:36:00,141,25.88385112393672
2025-05-08 02:37:00,143,26.12073805033728
2025-05-08 02:38:00,141,26.13485627341272
2025-05-08 02:39:00,142,26.13144503122023
2025-05-08 02:40:00,142,25.83058205923836
2025-05-08 02:41:00,143,26.05216216018426
2025-05-08 02:42:00,144,25.875398101369832
2025-05-08 02:43:00,143,26.121478851424307
2025-05-08 02:44:00,145,26.145184994597606
2025-05-08 02:45:00,147,26.153867242638647
2025-05-08 02:46:00,148,26.32442692740789
2025-05-08 02:47:00,150,26.3736089567339
2025-05-08 02:48:00,150,26.373899801646868
2025-05-08 02:49:00,149,26.42818560869207
2025-05-08 02:50:00,150,26.270442998228443
2025-05-08 02:51:00,148,26.76620351648335
2025-05-08 02:52:00,150,26.657169224401176
2025-05-08 02:53:00,150,26.61056185710885
2025-05-08 02:54:00,150,26.785833498514723
2025-05-08 02:55:00,149,26.84356837859773
2025-05-08 02:56:00,148,27.009649493980444
2025-05-08 02:57:00,148,26.89858472911117
2025-05-08 02:58:00,146,27.14803989312381
2025-05-08 02:59:00,145,27.275249785821632
2025-05-08 03:00:00,146,27.36197236425881
2025-05-08 03:01:00,146,27.404370980916347
2025-05-08 03:02:00,147,27.46309627392008
2025-05-08 03:03:00,145,27.55323791354692
2025-05-08 03:04:00,145,27.6127848293888
2025-05-08 03:05:00,143,27.74338354674753
2025-05-08 03:06:00,141,27.727987636664693
2025-05-08 03:07:00,141,27.73433246162809
2025-05-08 03:08:00,142,27.837446510122312
2025-05-08 03:09:00,142,27.84523993252068
2025-05-08 03:10:00,140,27.86366171585961
2025-05-08 03:11:00,141,27.90625498114406
2025-05-08 03:12:00,142,27.92596535880002
2025-05-08 03:13:00,144,28.006491844208465
2025-05-08 03:14:00,146,28.142576536369287
2025-05-08 03:15:00,147,27.9483208067758
2025-05-08 03:16:00,148,27.87254591017188
2025-05-08 03:17:00,150,27.91929802034373
2025-05-08 03:18:00,152,28.11330409021588
2025-05-08 03:19:00,154,27.847491534478955
2025-05-08 03:20:00,156,27.982159132204377
2025-05-08 03:21:00,158,27.95168467659605
2025-05-08 03:22:00,159,27.82662433979643
2025-05-08 03:23:00,158,27.65884614313653
2025-05-08 03:24:00,156,27.73239907926599
2025-05-08 03:25:00,155,27.58352092787892
2025-05-08 03:26:00,156,27.59864146292572
2025-05-08 03:27:00,157,27.482529268006097
2025-05-08 03:28:00,157,27.19910428204749
2025-05-08 03:29:00,158,27.4464757091424
2025-05-08 03:30:00,159,27.227605774341583
2025-05-08 03:31:00,160,27.09595032955956
2025-05-08 03:32:00,161,27.02911682263076
2025-05-08 03:33:00,163,26.9428983791913
2025-05-08 03:34:00,163,26.927143495204508
2025-05-08 03:35:00,165,26.82224608137324
2025-05-08 03:36:00,163,26.91462356108296
2025-05-08 03:37:00,165,26.454392087076968
2025-05-08 03:38:00,167,26.44342211851946
2025-05-08 03:39:00,168,26.562346350485548
2025-05-08 03:40:00,170,26.30824053164977
2025-05-08 03:41:00,171,26.339661266324967
2025-05-08 03:42:00,170,26.2324732605137
2025-05-08 03:43:00,170,26.27235955359948
2025-05-08 03:44:00,172,26.23195469198048
2025-05-08 03:45:00,173,26.22717890200908
2025-05-08 03:46:00,172,26.027407645359265
2025-05-08 03:47:00,171,26.052014996183782
2025-05-08 03:48:00,169,26.14241539245964
2025-05-08 03:49:00,171,25.829063499668447
2025-05-08 03:50:00,173,25.93949272297435
2025-05-08 03:51:00,172,26.048699732512105
2025-05-08 03:52:00,173,25.9760034278822
2025-05-08 03:53:00,173,25.951510399011408
2025-05-08 03:54:00,172,26.2222642275506
2025-05-08 03:55:00,172,26.097705573361083
2025-05-08 03:56:00,173,26.16293682900219
2025-05-08 03:57:00,172,26.148486413268422
2025-05-08 03:58:00,174,26.14444353932002
2025-05-08 03:59:00,173,26.114768034301687
2025-05-08 04:00:00,174,26.09161382912866
2025-05-08 04:01:00,173,26.288996367218623
2025-05-08 04:02:00,175,26.49216671740322
2025-05-08 04:03:00,175,26.68887091357359
2025-05-08 04:04:00,176,26.50116804281714
2025-05-08 04:05:00,175,26.5489716877644
2025-05-08 04:06:00,175,26.636828779760844
2025-05-08 04:07:00,177,26.820197323599366
2025-05-08 04:08:00,175,26.89350737036067
2025-05-08 04:09:00,175,27.00716754874385
2025-05-08 04:10:00,177,26.95810347278052
2025-05-08 04:11:00,177,26.991754084040075
2025-05-08 04:12:00,178,27.292400985670486
2025-05-08 04:13:00,177,27.55243704654477
2025-05-08 04:14:00,177,27.44830194194786
2025-05-08 04:15:00,175,27.493507635140347
2025-05-08 04:16:00,175,27.58868750577524
2025-05-08 04:17:00,174,27.493067627553103
2025-05-08 04:18:00,172,27.761264906092304
2025-05-08 04:19:00,171,27.740186267684035
2025-05-08 04:20:00,169,27.712512865141363
2025-05-08 04:21:00,168,27.83025622479914
2025-05-08 04:22:00,170,27.94223581973725
2025-05-08 04:23:00,171,28.0368246369723
2025-05-08 04:24:00,170,27.953241826315715
2025-05-08 04:25:00,168,27.96437209759604
2025-05-08 04:26:00,168,28.13204055496572
2025-05-08 04:27:00,167,28.090123960206355
2025-05-08 04:28:00,169,27.86917522929079
2025-05-08 04:29:00,168,27.80057163845992
2025-05-08 04:30:00,167,27.82205542709444
2025-05-08 04:31:00,168,27.81084498869384
2025-05-08 04:32:00,170,27.75005866952441
2025-05-08 04:33:00,171,27.876445333610626
2025-05-08 04:34:00,172,27.7916407538583
2025-05-08 04:35:00,171,27.680591750041707
2025-05-08 04:36:00,173,27.84693455593513
2025-05-08 04:37:00,171,27.573414704651523
2025-05-08 04:38:00,169,27.46450422182212
2025-05-08 04:39:00,170,27.57889805590015
2025-05-08 04:40:00,168,27.55465509374158
2025-05-08 04:41:00,166,27.355909493939
2025-05-08 04:42:00,164,27.35462111438779
2025-05-08 04:43:00,166,27.21535576135302
2025-05-08 04:44:00,165,27.06855565012744
2025-05-08 04:45:00,164,27.017812966923707
2025-05-08 04:46:00,162,27.041341690426755
2025-05-08 04:47:00,162,26.745740665383945
2025-05-08 04:48:00,162,26.59368737633255
2025-05-08 04:49:00,160,26.49489656072453
2025-05-08 04:50:00,159,26.528284893548847
2025-05-08 04:51:00,161,26.42227287926193
2025-05-08 04:52:00,162,26.483106536595933
2025-05-08 04:53:00,164,26.404538697131223
2025-05-08 04:54:00,164,26.3051317989342
2025-05-08 04:55:00,163,26.29867715164228
2025-05-08 04:56:00,163,26.098738642734105
2025-05-08 04:57:00,163,26.280841318437275
2025-05-08 04:58:00,163,26.25540162729202
2025-05-08 04:59:00,161,26.14463884010474
2025-05-08 05:00:00,161,26.103810925161618
2025-05-08 05:01:00,159,25.945184811937484
2025-05-08 05:02:00,157,25.93045299855472
2025-05-08 05:03:00,157,26.10817012480124
2025-05-08 05:04:00,157,25.895550829983016
2025-05-08 05:05:00,157,25.95743832515209
2025-05-08 05:06:00,157,26.084320217728543
2025-05-08 05:07:00,157,26.00088240778693
2025-05-08 05:08:00,157,26.095162947268506
2025-05-08 05:09:00,155,26.14498954593689
2025-05-08 05:10:00,153,26.333889341758898
2025-05-08 05:11:00,152,26.227182763660203
2025-05-08 05:12:00,150,26.41126610696136
2025-05-08 05:13:00,148,26.467111987654445
2025-05-08 05:14:00,150,26.38640518514737
2025-05-08 05:15:00,148,26.615596306670053
2025-05-08 05:16:00,147,26.420838048310326
2025-05-08 05:17:00,145,26.5451351624998
2025-05-08 05:18:00,147,26.76391579523765
2025-05-08 05:19:00,149,26.842848856773188
2025-05-08 05:20:00,147,26.66063837653072
2025-05-08 05:21:00,147,26.895610965600152
2025-05-08 05:22:00,149,27.129993887252684
2025-05-08 05:23:00,148,27.00949452261132
2025-05-08 05:24:00,147,27.095712674117618
2025-05-08 05:25:00,145,27.202965782750592
2025-05-08 05:26:00,146,27.36537546395136
2025-05-08 05:27:00,147,27.50736165069928
2025-05-08 05:28:00,145,27.57965956851091
2025-05-08 05:29:00,145,27.66303268004929
2025-05-08 05:30:00,143,27.80839493657272
2025-05-08 05:31:00,145,27.63770056979989
2025-05-08 05:32:00,145,27.915239614267826
2025-05-08 05:33:00,144,27.58797276371012
2025-05-08 05:34:00,142,27.82784452862596
2025-05-08 05:35:00,140,27.960161899926444
2025-05-08 05:36:00,138,28.12856042331556
2025-05-08 05:37:00,140,28.01026317267509
2025-05-08 05:38:00,141,27.97532286715031
2025-05-08 05:39:00,142,27.975506190265595
2025-05-08 05:40:00,144,27.811667410674584
2025-05-08 05:41:00,146,28.025798338349848
2025-05-08 05:42:00,148,27.955161526983392
2025-05-08 05:43:00,150,27.933415765871786
2025-05-08 05:44:00,149,27.816062406385115
2025-05-08 05:45:00,150,27.91803564407289
2025-05-08 05:46:00,148,27.815204642637944
2025-05-08 05:47:00,147,27.76730906763949
2025-05-08 05:48:00,148,27.594426183983405
2025-05-08 05:49:00,150,27.476022523323
2025-05-08 05:50:00,152,27.64694632238612
2025-05-08 05:51:00,153,27.68271986848013
2025-05-08 05:52:00,152,27.345487342715003
2025-05-08 05:53:00,151,27.60444302948263
2025-05-08 05:54:00,149,27.46776418910052
2025-05-08 05:55:00,150,27.46218889186352
2025-05-08 05:56:00,149,27.21776460545864
2025-05-08 05:57:00,151,27.022619358307264
2025-05-08 05:58:00,149,27.104258974787705
2025-05-08 05:59:00,148,26.794984935791263
2025-05-08 06:00:00,149,26.729260106253776
2025-05-08 06:01:00,147,26.760222562999203
2025-05-08 06:02:00,146,26.65650035563825
2025-05-08 06:03:00,146,26.67289638240721
2025-05-08 06:04:00,148,26.642036327474784
2025-05-08 06:05:00,147,26.341428939305345
2025-05-08 06:06:00,146,26.36287178521793
2025-05-08 06:07:00,148,26.487198610302173
2025-05-08 06:08:00,147,26.258808346422875
2025-05-08 06:09:00,147,26.123609676908163
2025-05-08 06:10:00,147,25.989355311398672
2025-05-08 06:11:00,148,26.18970990382305
2025-05-08 06:12:00,149,26.01606998907847
2025-05-08 06:13:00,151,25.97388531548605
2025-05-08 06:14:00,153,25.93502416737244
2025-05-08 06:15:00,153,25.80066984757621
2025-05-08 06:16:00,151,26.23380367550376
2025-05-08 06:17:00,149,26.11259503535954
2025-05-08 06:18:00,149,25.96755536890231
2025-05-08 06:19:00,148,25.946768391927417
2025-05-08 06:20:00,148,26.021463166769248
2025-05-08 06:21:00,147,25.99865949905509
2025-05-08 06:22:00,145,26.10188252727649
2025-05-08 06:23:00,143,26.06232392883537
2025-05-08 06:24:00,141,26.34964851931841
2025-05-08 06:25:00,142,26.243698629443177
2025-05-08 06:26:00,141,26.352087028832504
2025-05-08 06:27:00,142,26.32096241178312
2025-05-08 06:28:00,144,26.372953456525632
2025-05-08 06:29:00,144,26.52580237426116
2025-05-08 06:30:00,142,26.545979668690805
2025-05-08 06:31:00,144,26.6307020647096
2025-05-08 06:32:00,145,26.877669930254264
2025-05-08 06:33:00,147,26.945239581951924
2025-05-08 06:34:00,145,26.85898053648016
2025-05-08 06:35:00,147,27.415823740313527
2025-05-08 06:36:00,147,27.150596323533023
2025-05-08 06:37:00,146,27.249245448529763
2025-05-08 06:38:00,147,27.10422336156897
2025-05-08 06:39:00,147,27.41861040120337
2025-05-08 06:40:00,149,27.535342251531738
2025-05-08 06:41:00,149,27.334267305814283
2025-05-08 06:42:00,149,27.686876234140144
2025-05-08 06:43:00,148,27.512771288497284
2025-05-08 06:44:00,146,27.56391498321196
2025-05-08 06:45:00,146,27.67904383817271
2025-05-08 06:46:00,144,27.947332601173617
2025-05-08 06:47:00,144,27.89652868115004
2025-05-08 06:48:00,144,27.890909861141893
2025-05-08 06:49:00,144,27.873321922041523
2025-05-08 06:50:00,143,27.944956477782537
2025-05-08 06:51:00,142,27.952304697505607
2025-05-08 06:52:00,142,28.07489869290945
2025-05-08 06:53:00,143,28.102498022124387
2025-05-08 06:54:00,144,28.273910740836392
2025-05-08 06:55:00,146,28.03235998911679
2025-05-08 06:56:00,147,27.80568467754147
2025-05-08 06:57:00,145,27.783414099299964
2025-05-08 06:58:00,146,27.89464101016368
2025-05-08 06:59:00,144,28.08893328373084
2025-05-08 07:00:00,144,28.2111856033132
2025-05-08 07:01:00,143,28.01413215308763
2025-05-08 07:02:00,141,27.90935495672132
2025-05-08 07:03:00,141,28.12171117561269
2025-05-08 07:04:00,142,27.954150385372785
2025-05-08 07:05:00,142,28.008518977318555
2025-05-08 07:06:00,141,27.77172327547215
2025-05-08 07:07:00,139,28.15024873601643
2025-05-08 07:08:00,140,28.0936107915995
2025-05-08 07:09:00,140,27.973758157391337
2025-05-08 07:10:00,138,27.887102162218643
2025-05-08 07:11:00,138,27.898477142426167
2025-05-08 07:12:00,137,27.55967064134579
2025-05-08 07:13:00,136,27.602261792405475
2025-05-08 07:14:00,136,27.81167859847506
2025-05-08 07:15:00,136,27.886095277301383
2025-05-08 07:16:00,138,27.49296265445728
2025-05-08 07:17:00,136,27.9244967528812
2025-05-08 07:18:00,135,27.99984384701335
2025-05-08 07:19:00,134,27.48559917631899
2025-05-08 07:20:00,135,27.432325658280984
2025-05-08 07:21:00,135,27.462664482152856
2025-05-08 07:22:00,134,27.47609731494163
2025-05-08 07:23:00,132,27.475621551462265
2025-05-08 07:24:00,134,27.43118378876763
2025-05-08 07:25:00,135,27.61177003265194
2025-05-08 07:26:00,136,27.450108733895505
2025-05-08 07:27:00,138,26.947008215873435
2025-05-08 07:28:00,137,27.26549687628935
2025-05-08 07:29:00,139,27.02123618016197
2025-05-08 07:30:00,137,27.51023586136555
2025-05-08 07:31:00,139,27.196836562048365
2025-05-08 07:32:00,140,27.24126837439559
2025-05-08 07:33:00,139,27.208411594215068
2025-05-08 07:34:00,141,27.12792278792365
2025-05-08 07:35:00,142,27.132659337854125
2025-05-08 07:36:00,144,26.628998795837
2025-05-08 07:37:00,145,27.34018814627636
2025-05-08 07:38:00,146,26.798858832395027
2025-05-08 07:39:00,146,26.7349423433166
2025-05-08 07:40:00,146,26.730208465805635
2025-05-08 07:41:00,146,26.8378311714053
2025-05-08 07:42:00,148,26.729673721659097
2025-05-08 07:43:00,149,26.62938092117897
2025-05-08 07:44:00,149,26.553907210263723
2025-05-08 07:45:00,147,26.40312469214001
2025-05-08 07:46:00,146,26.58040911848798
2025-05-08 07:47:00,147,26.91069783524961
2025-05-08 07:48:00,148,26.732565860660056
2025-05-08 07:49:00,146,26.66914791677604
2025-05-08 07:50:00,146,26.33023775274496
2025-05-08 07:51:00,144,26.517451411084416
2025-05-08 07:52:00,143,26.43677360365241
2025-05-08 07:53:00,143,26.15139780804345
2025-05-08 07:54:00,145,26.274147612667
2025-05-08 07:55:00,143,26.46045700254677
2025-05-08 07:56:00,143,26.11057586031609
2025-05-08 07:57:00,142,26.158599566977493
2025-05-08 07:58:00,141,25.96703775554728
2025-05-08 07:59:00,141,26.279509120358
2025-05-08 08:00:00,142,26.551832474411185
2025-05-08 08:01:00,143,26.373038063242227
2025-05-08 08:02:00,143,26.35412407591873
2025-05-08 08:03:00,144,26.553269159148137
2025-05-08 08:04:00,143,26.328207225747708
2025-05-08 08:05:00,144,25.968155969902025
2025-05-08 08:06:00,143,26.116515821818968
2025-05-08 08:07:00,144,26.07221249158897
2025-05-08 08:08:00,144,26.522955984334544
2025-05-08 08:09:00,142,25.820307459086848
2025-05-08 08:10:00,141,25.835449903689096
2025-05-08 08:11:00,142,26.16253450977508
2025-05-08 08:12:00,140,26.236129195981235
2025-05-08 08:13:00,140,26.21897259510469
2025-05-08 08:14:00,142,26.090050959665728
2025-05-08 08:15:00,141,25.873993525682128
2025-05-08 08:16:00,143,26.18586303496632
2025-05-08 08:17:00,144,25.70135684172245
2025-05-08 08:18:00,146,25.97714052249757
2025-05-08 08:19:00,133,25.8906365260026
2025-05-08 08:20:00,134,26.20125576557288
2025-05-08 08:21:00,136,26.15139239711635
2025-05-08 08:22:00,136,26.0055085428964
2025-05-08 08:23:00,137,25.905267113964847
2025-05-08 08:24:00,136,26.22699834272109
2025-05-08 08:25:00,137,25.946327778214187
2025-05-08 08:26:00,135,26.199296261958384
2025-05-08 08:27:00,133,26.182046909768065
2025-05-08 08:28:00,135,26.253669749694083
2025-05-08 08:29:00,134,26.60835113701269
2025-05-08 08:30:00,136,26.26739326676761
2025-05-08 08:31:00,135,26.12013620245474
2025-05-08 08:32:00,136,25.8036458109118
2025-05-08 08:33:00,135,25.50937881536468
2025-05-08 08:34:00,137,26.11384713177513
2025-05-08 08:35:00,135,25.75767659549722
2025-05-08 08:36:00,135,25.961618184847666
2025-05-08 08:37:00,135,26.14985085630288
2025-05-08 08:38:00,137,26.1920032804172
2025-05-08 08:39:00,138,26.21421493979276
2025-05-08 08:40:00,139,26.310173878941747
2025-05-08 08:41:00,137,26.42828958685844
2025-05-08 08:42:00,137,26.34416654288756
2025-05-08 08:43:00,138,26.45403797579172
2025-05-08 08:44:00,136,26.09437578278264
2025-05-08 08:45:00,136,26.619986715857245
2025-05-08 08:46:00,135,26.37954528182296
2025-05-08 08:47:00,135,26.50155517619269
2025-05-08 08:48:00,137,26.23432115682872
2025-05-08 08:49:00,136,26.59739964436348
2025-05-08 08:50:00,136,26.6272536028124
2025-05-08 08:51:00,136,26.73270605567805
2025-05-08 08:52:00,135,26.579289425060853
2025-05-08 08:53:00,133,27.01738659754483
2025-05-08 08:54:00,132,26.478180238656176
2025-05-08 08:55:00,132,26.474847754391547
2025-05-08 08:56:00,130,26.79644932585025
2025-05-08 08:57:00,132,26.53670732061908
2025-05-08 08:58:00,130,26.75335551571584
2025-05-08 08:59:00,131,26.716796379513127
2025-05-08 09:00:00,132,26.543902485178947
2025-05-08 09:01:00,133,26.80894821392965
2025-05-08 09:02:00,131,26.87055346528218
2025-05-08 09:03:00,132,26.88510772440716
2025-05-08 09:04:00,133,26.887517563788894
2025-05-08 09:05:00,133,27.061091389861808
2025-05-08 09:06:00,134,26.990121994456747
2025-05-08 09:07:00,135,26.89977948256848
2025-05-08 09:08:00,137,27.377170970256937
2025-05-08 09:09:00,139,27.11409870277837
2025-05-08 09:10:00,139,27.270843296004383
2025-05-08 09:11:00,137,27.71612624062648
2025-05-08 09:12:00,135,27.647840308887893
2025-05-08 09:13:00,133,27.221661270962915
2025-05-08 09:14:00,134,27.19593689940231
2025-05-08 09:15:00,136,27.181064068638328
2025-05-08 09:16:00,137,27.438825964660456
2025-05-08 09:17:00,138,27.38532433933401
2025-05-08 09:18:00,140,27.4186791527651
2025-05-08 09:19:00,139,27.732795272954483
2025-05-08 09:20:00,140,27.40857849384718
2025-05-08 09:21:00,141,27.70384752728745
2025-05-08 09:22:00,142,27.47692777928411
2025-05-08 09:23:00,144,27.35380495135673
2025-05-08 09:24:00,143,27.70663500376742
2025-05-08 09:25:00,144,27.66928147442077
2025-05-08 09:26:00,144,27.69695841055457
2025-05-08 09:27:00,146,27.754335324739973
2025-05-08 09:28:00,146,27.96578729816712
2025-05-08 09:29:00,144,27.805686696213648
2025-05-08 09:30:00,142,27.66939481791224
2025-05-08 09:31:00,140,27.60792325794316
2025-05-08 09:32:00,138,27.999866814065868
2025-05-08 09:33:00,136,27.918730960382465
2025-05-08 09:34:00,136,28.079820073505307
2025-05-08 09:35:00,138,27.60480648847697
2025-05-08 09:36:00,139,28.193121222269696
2025-05-08 09:37:00,140,28.10602414307015
2025-05-08 09:38:00,139,27.99731267925157
2025-05-08 09:39:00,141,28.004056296020444
2025-05-08 09:40:00,139,27.77373632363288
2025-05-08 09:41:00,138,28.007963971540786
2025-05-08 09:42:00,137,27.90401436510233
2025-05-08 09:43:00,136,27.9133557055271
2025-05-08 09:44:00,134,27.92061668110369
2025-05-08 09:45:00,132,28.17364284677709
2025-05-08 09:46:00,131,28.09085323955975
2025-05-08 09:47:00,133,27.92679224182864
2025-05-08 09:48:00,132,27.698725377992123
2025-05-08 09:49:00,134,28.010338535660942
2025-05-08 09:50:00,133,27.8166477215107
2025-05-08 09:51:00,135,27.91020406309549
2025-05-08 09:52:00,134,27.872109527719385
2025-05-08 09:53:00,136,28.14369512791617
2025-05-08 09:54:00,136,28.23768879834046
2025-05-08 09:55:00,134,28.112341037087305
2025-05-08 09:56:00,132,27.946889656820044
2025-05-08 09:57:00,130,28.03945560679885
2025-05-08 09:58:00,128,28.078477896509835
2025-05-08 09:59:00,130,28.24651451946493
2025-05-08 10:00:00,129,28.11211529596336
2025-05-08 10:01:00,131,27.640653596786013
2025-05-08 10:02:00,131,28.12789585278365
2025-05-08 10:03:00,130,27.89103357438788
2025-05-08 10:04:00,128,28.234659810141867
2025-05-08 10:05:00,130,27.847826684784508
2025-05-08 10:06:00,129,27.64501144930393
2025-05-08 10:07:00,129,27.815412691651773
2025-05-08 10:08:00,130,27.92603983616669
2025-05-08 10:09:00,128,28.00734047090372
2025-05-08 10:10:00,127,27.86513378363051
2025-05-08 10:11:00,128,27.604275773973896
2025-05-08 10:12:00,126,27.443069440794847
2025-05-08 10:13:00,124,27.688407575064662
2025-05-08 10:14:00,124,27.81863596807217
2025-05-08 10:15:00,124,27.39390117449285
2025-05-08 10:16:00,122,27.43334431468869
2025-05-08 10:17:00,124,27.51132729156429
2025-05-08 10:18:00,126,27.707861278360017
2025-05-08 10:19:00,125,27.60173100477761
2025-05-08 10:20:00,125,27.60211448459625
2025-05-08 10:21:00,126,27.27535085204844
2025-05-08 10:22:00,125,27.19617578707236
2025-05-08 10:23:00,125,27.83705885367462
2025-05-08 10:24:00,124,27.48888541371945
2025-05-08 10:25:00,123,27.525536073584263
2025-05-08 10:26:00,121,27.42644957518223
2025-05-08 10:27:00,119,27.3143182452416
2025-05-08 10:28:00,119,27.336260001661767
2025-05-08 10:29:00,119,27.26319841181829
2025-05-08 10:30:00,121,26.88122292506449
2025-05-08 10:31:00,122,27.126214465930858
2025-05-08 10:32:00,124,26.963813049158155
2025-05-08 10:33:00,122,27.21769012758621
2025-05-08 10:34:00,120,26.914358681776903
2025-05-08 10:35:00,121,26.55547122575968
2025-05-08 10:36:00,123,26.92619937284212
2025-05-08 10:37:00,124,26.91641747490968
2025-05-08 10:38:00,122,26.873166329920824
2025-05-08 10:39:00,122,26.92824461901741
2025-05-08 10:40:00,122,26.669742161618533
2025-05-08 10:41:00,124,26.596776185988144
2025-05-08 10:42:00,125,26.73716886074824
2025-05-08 10:43:00,126,26.70231653128872
2025-05-08 10:44:00,125,26.76131023151629
2025-05-08 10:45:00,127,26.562288934624185
2025-05-08 10:46:00,129,26.470246889174664
2025-05-08 10:47:00,128,26.43119092250069
2025-05-08 10:48:00,126,26.71331225408208
2025-05-08 10:49:00,124,26.35726967398692
2025-05-08 10:50:00,125,26.67288846467176
2025-05-08 10:51:00,127,26.27621188404856
2025-05-08 10:52:00,127,26.61541545015511
2025-05-08 10:53:00,129,26.34502882164032
2025-05-08 10:54:00,130,26.305071036351613
2025-05-08 10:55:00,130,26.52874176481841
2025-05-08 10:56:00,131,26.168739750362032
2025-05-08 10:57:00,129,26.18042763592608
2025-05-08 10:58:00,128,26.31846098580451
2025-05-08 10:59:00,130,26.278269294263087
2025-05-08 11:00:00,130,26.4493426573819
2025-05-08 11:01:00,128,26.09583693467547
2025-05-08 11:02:00,127,26.15787489007785
2025-05-08 11:03:00,126,25.91051723961128
2025-05-08 11:04:00,126,26.114671278367688
2025-05-08 11:05:00,124,26.34563380031048
2025-05-08 11:06:00,125,26.303341504919675
2025-05-08 11:07:00,126,26.27066488882178
2025-05-08 11:08:00,126,25.980198011354187
2025-05-08 11:09:00,126,26.106210157612868
2025-05-08 11:10:00,125,25.858428965725366
2025-05-08 11:11:00,124,26.21082597837832
2025-05-08 11:12:00,124,25.98762431224531
2025-05-08 11:13:00,123,26.237920259536992
2025-05-08 11:14:00,122,25.943715134802765
2025-05-08 11:15:00,121,25.95186457269243
2025-05-08 11:16:00,119,26.16592067514519
2025-05-08 11:17:00,120,25.92368396021396
2025-05-08 11:18:00,119,26.009051112335943
2025-05-08 11:19:00,121,26.268562751863087
2025-05-08 11:20:00,122,26.0237861817947
2025-05-08 11:21:00,124,25.855286561502112
2025-05-08 11:22:00,122,26.147428162540983
2025-05-08 11:23:00,120,26.05100869751353
2025-05-08 11:24:00,119,25.81710519879388
2025-05-08 11:25:00,120,26.019474165529537
2025-05-08 11:26:00,120,25.96762037056121
2025-05-08 11:27:00,122,26.13582124890004
2025-05-08 11:28:00,122,25.71811316279079
2025-05-08 11:29:00,121,26.2006122271404
2025-05-08 11:30:00,119,25.681525356183425
2025-05-08 11:31:00,117,26.016741559074674
2025-05-08 11:32:00,115,25.96696889383357
2025-05-08 11:33:00,116,26.06287420509444
2025-05-08 11:34:00,118,26.29275805247557
2025-05-08 11:35:00,117,26.11661505593685
2025-05-08 11:36:00,118,25.994983999065987
2025-05-08 11:37:00,117,26.54694096196097
2025-05-08 11:38:00,117,26.095057169308
2025-05-08 11:39:00,117,26.132157583302664
2025-05-08 11:40:00,117,26.419517509606067
2025-05-08 11:41:00,119,26.3518850103871
2025-05-08 11:42:00,121,26.340248771083136
2025-05-08 11:43:00,122,26.547482542200072
2025-05-08 11:44:00,120,26.60580417065028
2025-05-08 11:45:00,122,26.41696792015384
2025-05-08 11:46:00,124,26.946436381795085
2025-05-08 11:47:00,125,26.60158057587565
2025-05-08 11:48:00,125,26.480681196769154
2025-05-08 11:49:00,127,26.30486814847008
2025-05-08 11:50:00,128,26.43161780344611
2025-05-08 11:51:00,126,26.25362999619724
2025-05-08 11:52:00,124,26.76853795802413
2025-05-08 11:53:00,124,26.48765647103037
2025-05-08 11:54:00,123,26.71828637976453
2025-05-08 11:55:00,122,26.381390627815048
2025-05-08 11:56:00,122,26.56863460657492
2025-05-08 11:57:00,120,26.639041862244355
2025-05-08 11:58:00,121,26.72134286889869
2025-05-08 11:59:00,122,27.01778856883288
2025-05-08 12:00:00,123,26.95318197353837
2025-05-08 12:01:00,125,27.10359601560042
2025-05-08 12:02:00,125,27.00647690605764
2025-05-08 12:03:00,123,26.6739447559842
2025-05-08 12:04:00,123,27.271177572728178
2025-05-08 12:05:00,122,27.28698437930758
2025-05-08 12:06:00,123,26.81487497364072
2025-05-08 12:07:00,123,26.81579065967491
2025-05-08 12:08:00,121,27.17442361431107
2025-05-08 12:09:00,119,27.29856891025643
2025-05-08 12:10:00,118,27.382305843779967
2025-05-08 12:11:00,116,27.130102861788263
2025-05-08 12:12:00,115,27.22070487872437
2025-05-08 12:13:00,113,27.114022297191585
2025-05-08 12:14:00,115,27.439771033395864
2025-05-08 12:15:00,113,27.530607241859823
2025-05-08 12:16:00,111,27.505820988795936
2025-05-08 12:17:00,112,27.40500199442329
2025-05-08 12:18:00,113,27.61551936871412
2025-05-08 12:19:00,112,27.189274817115525
2025-05-08 12:20:00,114,27.46942639026572
2025-05-08 12:21:00,112,27.40364247424609
2025-05-08 12:22:00,110,27.234683033124
2025-05-08 12:23:00,108,27.676676881096824
2025-05-08 12:24:00,110,27.72701408754608
2025-05-08 12:25:00,108,27.46150631669258
2025-05-08 12:26:00,108,27.900014883632902
2025-05-08 12:27:00,110,27.83219440415188
2025-05-08 12:28:00,110,27.79556789085868
2025-05-08 12:29:00,109,27.87677769717388
2025-05-08 12:30:00,109,28.0895570831969
2025-05-08 12:31:00,110,27.93398199281109
2025-05-08 12:32:00,111,28.04486111610819
2025-05-08 12:33:00,109,28.44910814412001
2025-05-08 12:34:00,111,27.947557191534862
2025-05-08 12:35:00,111,27.87151350088389
2025-05-08 12:36:00,110,28.03262595020928
2025-05-08 12:37:00,109,27.749673254149165
2025-05-08 12:38:00,111,27.855032540113665
2025-05-08 12:39:00,109,28.05781661194788
2025-05-08 12:40:00,107,27.68052130945414
2025-05-08 12:41:00,107,28.01677622017132
2025-05-08 12:42:00,105,28.178600324619
2025-05-08 12:43:00,104,27.93794039148847
2025-05-08 12:44:00,105,28.084464880496537
2025-05-08 12:45:00,105,27.80928362095469
2025-05-08 12:46:00,105,27.65329855704753
2025-05-08 12:47:00,107,28.246454888742488
2025-05-08 12:48:00,106,28.057077540476605
2025-05-08 12:49:00,104,27.58830524042933
2025-05-08 12:50:00,103,27.77876976571672
2025-05-08 12:51:00,101,27.723801382255257
2025-05-08 12:52:00,100,27.892822282955148
2025-05-08 12:53:00,98,27.982572542738964
2025-05-08 12:54:00,98,27.99379660387412
2025-05-08 12:55:00,97,28.27001514930116
2025-05-08 12:56:00,96,28.475341101433465
2025-05-08 12:57:00,96,27.4901158819258
2025-05-08 12:58:00,94,28.157301977374846
2025-05-08 12:59:00,95,27.977376641489613
2025-05-08 13:00:00,97,27.755452325429005
2025-05-08 13:01:00,95,28.00611513976177
2025-05-08 13:02:00,94,28.09928156478368
2025-05-08 13:03:00,92,27.826035525352577
2025-05-08 13:04:00,92,28.01489051163079
2025-05-08 13:05:00,90,27.845381602618225
2025-05-08 13:06:00,89,27.78116484055176
2025-05-08 13:07:00,90,27.435552042591183
2025-05-08 13:08:00,90,27.791839397215814
2025-05-08 13:09:00,91,27.721868763113225
2025-05-08 13:10:00,89,27.62838990923676
2025-05-08 13:11:00,88,27.65373993410648
2025-05-08 13:12:00,87,27.500835665233723
2025-05-08 13:13:00,88,27.56148480757356
2025-05-08 13:14:00,87,27.708305306334008
2025-05-08 13:15:00,87,27.97915284236637
2025-05-08 13:16:00,85,27.34293584587855
2025-05-08 13:17:00,86,27.39473515485257
2025-05-08 13:18:00,85,27.24511451689567
2025-05-08 13:19:00,85,27.62155828423192
2025-05-08 13:20:00,84,27.418433864634085
2025-05-08 13:21:00,86,26.97023569288046
2025-05-08 13:22:00,86,27.270065887067485
2025-05-08 13:23:00,84,27.14242265477568
2025-05-08 13:24:00,85,27.08482266313349
2025-05-08 13:25:00,86,26.96603671274852
2025-05-08 13:26:00,87,27.300887764162912
2025-05-08 13:27:00,87,26.609832844086966
2025-05-08 13:28:00,87,27.05674501786595
2025-05-08 13:29:00,85,27.119140567283768
2025-05-08 13:30:00,83,26.833538818412144
2025-05-08 13:31:00,85,26.972874652402208
2025-05-08 13:32:00,86,26.674832071002697
2025-05-08 13:33:00,86,26.978872836647653
2025-05-08 13:34:00,85,26.533457799644648
2025-05-08 13:35:00,84,26.737050107856987
2025-05-08 13:36:00,83,26.593543930095905
2025-05-08 13:37:00,85,26.675510611980183
2025-05-08 13:38:00,87,26.673496518208285
2025-05-08 13:39:00,85,26.742510995030504
2025-05-08 13:40:00,83,26.26851796645108
2025-05-08 13:41:00,84,26.711612369841863
2025-05-08 13:42:00,82,26.95365632510828
2025-05-08 13:43:00,83,26.428706599158183
2025-05-08 13:44:00,81,27.05778787010396
2025-05-08 13:45:00,81,26.45965829752668
2025-05-08 13:46:00,81,26.56932452405473
2025-05-08 13:47:00,81,26.328652307090486
2025-05-08 13:48:00,81,26.40094554320704
2025-05-08 13:49:00,80,26.272376213957067
2025-05-08 13:50:00,80,26.38206700762564
2025-05-08 13:51:00,78,26.33351093852289
2025-05-08 13:52:00,79,26.44520225974738
2025-05-08 13:53:00,78,26.554556873701035
2025-05-08 13:54:00,78,26.29632389635044
2025-05-08 13:55:00,78,26.483069870151866
2025-05-08 13:56:00,76,26.268401521079863
2025-05-08 13:57:00,77,26.265540768313084
2025-05-08 13:58:00,75,26.10769099411436
2025-05-08 13:59:00,75,26.30044644400375
2025-05-08 14:00:00,73,26.35612162703552
2025-05-08 14:01:00,74,26.23276839855544
2025-05-08 14:02:00,72,25.90366881207756
2025-05-08 14:03:00,70,26.189477838099062
2025-05-08 14:04:00,72,26.190474783740537
2025-05-08 14:05:00,73,26.153050181299555
2025-05-08 14:06:00,74,25.876892194898176
2025-05-08 14:07:00,74,26.03416521613968
2025-05-08 14:08:00,74,26.14628517383585
2025-05-08 14:09:00,75,25.921065797360672
2025-05-08 14:10:00,73,25.85273445971116
2025-05-08 14:11:00,60,25.99776423838736
2025-05-08 14:12:00,60,26.33315902481269
2025-05-08 14:13:00,60,25.861303207225728
2025-05-08 14:14:00,61,25.845399865425943
2025-05-08 14:15:00,59,26.236601582712936
2025-05-08 14:16:00,61,25.56764654328593
2025-05-08 14:17:00,62,25.982595613348124
2025-05-08 14:18:00,50,25.670001788780915
2025-05-08 14:19:00,49,26.148049799591565
2025-05-08 14:20:00,49,25.595720269769764
2025-05-08 14:21:00,47,25.884595548410413
2025-05-08 14:22:00,49,26.003291277768483
2025-05-08 14:23:00,49,26.189900774680712
2025-05-08 14:24:00,51,26.024499719734035
2025-05-08 14:25:00,53,25.92872096394968
2025-05-08 14:26:00,52,25.767981403036305
2025-05-08 14:27:00,50,26.08909141404929
2025-05-08 14:28:00,49,26.428663161403577
2025-05-08 14:29:00,51,26.223331105134303
2025-05-08 14:30:00,51,26.32688783938062
2025-05-08 14:31:00,49,26.425070148745007
2025-05-08 14:32:00,49,26.19694771692719
2025-05-08 14:33:00,50,26.36470446962808
2025-05-08 14:34:00,49,26.33514729889824
2025-05-08 14:35:00,51,26.11831833367356
2025-05-08 14:36:00,51,26.39564829721307
2025-05-08 14:37:00,51,26.33166190301677
2025-05-08 14:38:00,53,26.27241510656782
2025-05-08 14:39:00,53,26.55662119147857
2025-05-08 14:40:00,53,26.36976120014268
2025-05-08 14:41:00,52,26.137545388045588
2025-05-08 14:42:00,52,26.39588130239173
2025-05-08 14:43:00,54,26.46042727978484
2025-05-08 14:44:00,55,26.61229826156812
2025-05-08 14:45:00,55,26.70284967995657
2025-05-08 14:46:00,55,26.80476356520157
2025-05-08 14:47:00,54,26.437524376011467
2025-05-08 14:48:00,52,26.46020939006588
2025-05-08 14:49:00,51,26.53471771185776
2025-05-08 14:50:00,49,26.75178686107333
2025-05-08 14:51:00,48,26.73963173106728
2025-05-08 14:52:00,47,26.82633024604454
2025-05-08 14:53:00,45,26.558233762873108
2025-05-08 14:54:00,45,27.01713882001095
2025-05-08 14:55:00,45,26.822247386654976
2025-05-08 14:56:00,45,26.878311704327885
2025-05-08 14:57:00,43,26.7912523631537
2025-05-08 14:58:00,45,27.170046963733085
2025-05-08 14:59:00,47,26.67790849322977
2025-05-08 15:00:00,46,27.104747352949964
2025-05-08 15:01:00,45,26.91496722202352
2025-05-08 15:02:00,47,26.93897355828109
2025-05-08 15:03:00,47,27.347179544291144
2025-05-08 15:04:00,49,27.18116748256106
2025-05-08 15:05:00,47,26.984781121377026
2025-05-08 15:06:00,46,27.2142207504375
2025-05-08 15:07:00,47,27.22350061761736
2025-05-08 15:08:00,45,27.433891132466684
2025-05-08 15:09:00,43,27.581380004390283
2025-05-08 15:10:00,42,27.338341216483965
2025-05-08 15:11:00,43,27.47961536326013
2025-05-08 15:12:00,41,27.52494175557188
2025-05-08 15:13:00,40,27.302164862306984
2025-05-08 15:14:00,42,27.56674593219127
2025-05-08 15:15:00,40,27.710854695847186
2025-05-08 15:16:00,38,27.74560774876052
2025-05-08 15:17:00,37,27.630464869838463
2025-05-08 15:18:00,35,27.253364914012643
2025-05-08 15:19:00,35,27.35971262316197
2025-05-08 15:20:00,36,27.59679082370493
2025-05-08 15:21:00,37,27.78650014848757
2025-05-08 15:22:00,38,27.159623954510945
2025-05-08 15:23:00,40,28.04062116530656
2025-05-08 15:24:00,41,28.0889565355391
2025-05-08 15:25:00,40,27.86663962938657
2025-05-08 15:26:00,42,27.91233113016155
2025-05-08 15:27:00,44,27.56006489719872
2025-05-08 15:28:00,45,27.68301872738365
2025-05-08 15:29:00,46,27.95870722162857
2025-05-08 15:30:00,46,27.94030767217316
2025-05-08 15:31:00,48,27.808381313405786
2025-05-08 15:32:00,50,27.911609274586944
2025-05-08 15:33:00,48,28.28473973977872
2025-05-08 15:34:00,49,28.03569939091536
2025-05-08 15:35:00,48,28.02798898280234
2025-05-08 15:36:00,48,28.03888174302857
2025-05-08 15:37:00,48,28.3322210337685
2025-05-08 15:38:00,49,28.200869981883063
2025-05-08 15:39:00,50,27.728205964626216
2025-05-08 15:40:00,49,27.65775630518642
2025-05-08 15:41:00,50,28.111300947514543
2025-05-08 15:42:00,51,28.263761612178687
2025-05-08 15:43:00,51,27.880613723353072
2025-05-08 15:44:00,50,28.11308739963985
2025-05-08 15:45:00,49,27.914667973382706
2025-05-08 15:46:00,48,28.297617230454744
2025-05-08 15:47:00,47,27.853649534202468
2025-05-08 15:48:00,46,27.91507314979452
2025-05-08 15:49:00,44,28.210152772624628
2025-05-08 15:50:00,44,27.9451636377552
2025-05-08 15:51:00,46,28.240825940432124
2025-05-08 15:52:00,44,28.30250377896633
2025-05-08 15:53:00,43,28.19904709308752
2025-05-08 15:54:00,42,27.94426884144023
2025-05-08 15:55:00,40,27.665790402749305
2025-05-08 15:56:00,38,27.93265591210905
2025-05-08 15:57:00,40,28.10896695199072
2025-05-08 15:58:00,38,27.832498662932
2025-05-08 15:59:00,38,27.6494347616332
2025-05-08 16:00:00,38,27.80676007544304
2025-05-08 16:01:00,37,27.71321546384537
2025-05-08 16:02:00,37,27.82447925810117
2025-05-08 16:03:00,38,27.93024801834181
2025-05-08 16:04:00,38,27.736413964903885
2025-05-08 16:05:00,36,27.96734652280476
2025-05-08 16:06:00,34,27.525763202852787
2025-05-08 16:07:00,33,27.92526336155593
2025-05-08 16:08:00,35,27.37988865593093
2025-05-08 16:09:00,35,27.86641199423891
2025-05-08 16:10:00,37,27.86380342212045
2025-05-08 16:11:00,36,27.704362566400505
2025-05-08 16:12:00,36,27.785553297254808
2025-05-08 16:13:00,38,27.323651532740783
2025-05-08 16:14:00,37,27.456725859578945
2025-05-08 16:15:00,36,27.32235780171557
2025-05-08 16:16:00,37,27.62658371603805
2025-05-08 16:17:00,37,27.383171314850287
2025-05-08 16:18:00,35,27.38279818148085
2025-05-08 16:19:00,33,27.263179839376168
2025-05-08 16:20:00,35,27.537470216656025
2025-05-08 16:21:00,33,27.731017361936367
2025-05-08 16:22:00,32,26.915873294689334
2025-05-08 16:23:00,30,27.32906160810621
2025-05-08 16:24:00,29,27.13416729610654
2025-05-08 16:25:00,28,26.80845930226627
2025-05-08 16:26:00,27,26.69091883625352
2025-05-08 16:27:00,25,27.201872250496383
2025-05-08 16:28:00,26,26.862316502406376
2025-05-08 16:29:00,28,27.03741715546729
2025-05-08 16:30:00,29,26.766993707833183
2025-05-08 16:31:00,29,26.51378800537059
2025-05-08 16:32:00,29,26.68400864151737
2025-05-08 16:33:00,30,26.69756638533508
2025-05-08 16:34:00,28,26.62959690929036
2025-05-08 16:35:00,27,26.77621910121535
2025-05-08 16:36:00,25,26.44576663227876
2025-05-08 16:37:00,27,26.595174891946183
2025-05-08 16:38:00,26,26.314904849527395
2025-05-08 16:39:00,28,26.54101592805345
2025-05-08 16:40:00,27,26.426355443865475
2025-05-08 16:41:00,29,26.792888284894584
2025-05-08 16:42:00,31,26.19007982018152
2025-05-08 16:43:00,31,26.403932239472432
2025-05-08 16:44:00,32,26.1669660956358
2025-05-08 16:45:00,32,26.5330919237336
2025-05-08 16:46:00,32,26.4028741657088
2025-05-08 16:47:00,34,26.288632267934588
2025-05-08 16:48:00,34,26.23566296715135
2025-05-08 16:49:00,35,26.066624380995865
2025-05-08 16:50:00,37,26.178939719030463
2025-05-08 16:51:00,36,26.41879066424984
2025-05-08 16:52:00,35,26.15373987928171
2025-05-08 16:53:00,34,26.225228085771995
2025-05-08 16:54:00,35,25.81580436835577
2025-05-08 16:55:00,34,26.23445137978155
2025-05-08 16:56:00,32,25.862074096225005
2025-05-08 16:57:00,33,26.631364635940507
2025-05-08 16:58:00,35,26.29659723191822
2025-05-08 16:59:00,37,25.859502574448165
2025-05-08 17:00:00,37,25.958250063104483
2025-05-08 17:01:00,35,26.155021996680563
2025-05-08 17:02:00,37,26.04460521352712
2025-05-08 17:03:00,36,26.03054083394767
2025-05-08 17:04:00,35,25.9155358377478
2025-05-08 17:05:00,33,25.82132558838853
2025-05-08 17:06:00,32,26.26300086885283
2025-05-08 17:07:00,31,26.21782311988672
2025-05-08 17:08:00,32,25.945143484495603
2025-05-08 17:09:00,34,25.946041696977005
2025-05-08 17:10:00,35,26.283470857964065
2025-05-08 17:11:00,34,25.826103979112425
2025-05-08 17:12:00,32,26.14850529263576
2025-05-08 17:13:00,32,26.24285389996237
2025-05-08 17:14:00,31,26.288342342342403
2025-05-08 17:15:00,30,25.53107582150505
2025-05-08 17:16:00,28,26.3052495479461
2025-05-08 17:17:00,26,26.056447625548305
2025-05-08 17:18:00,28,26.052199440831608
2025-05-08 17:19:00,27,25.75415767474169
2025-05-08 17:20:00,28,25.891360447250072
2025-05-08 17:21:00,8,25.809213844817545
2025-05-08 17:22:00,0,25.86776620012234
2025-05-08 17:23:00,0,26.01321599601469
2025-05-08 17:24:00,0,26.16999560489805
2025-05-08 17:25:00,0,26.33424710839548
2025-05-08 17:26:00,0,26.121474770287133
2025-05-08 17:27:00,1,26.40428965289464
2025-05-08 17:28:00,2,26.26021689505157
2025-05-08 17:29:00,0,25.94504164933274
2025-05-08 17:30:00,1,26.18138738338288
2025-05-08 17:31:00,0,26.340551985125213
2025-05-08 17:32:00,1,26.694147148722006
2025-05-08 17:33:00,0,26.46068964542954
2025-05-08 17:34:00,0,25.997047840346323
2025-05-08 17:35:00,2,26.56737315901384
2025-05-08 17:36:00,2,26.57759549900078
2025-05-08 17:37:00,3,26.277741413493985
2025-05-08 17:38:00,2,26.595418665745875
2025-05-08 17:39:00,0,26.49749629114969
2025-05-08 17:40:00,2,25.9914512223028
2025-05-08 17:41:00,2,26.617094207662504
2025-05-08 17:42:00,0,26.53560504183612
2025-05-08 17:43:00,0,26.557339769211865
2025-05-08 17:44:00,2,26.6771097671156
2025-05-08 17:45:00,3,26.175999909354672
2025-05-08 17:46:00,3,26.404855171090084
2025-05-08 17:47:00,5,26.935478725402504
2025-05-08 17:48:00,5,26.82220855381378
2025-05-08 17:49:00,3,27.022769802229245
2025-05-08 17:50:00,1,26.72980382737024
2025-05-08 17:51:00,2,27.020517880078827
2025-05-08 17:52:00,4,26.77485730955802
2025-05-08 17:53:00,2,26.762822522287923
2025-05-08 17:54:00,1,26.980659774311587
2025-05-08 17:55:00,3,26.77416103688473
2025-05-08 17:56:00,3,27.35322682958172
2025-05-08 17:57:00,3,27.05440342243693
2025-05-08 17:58:00,4,27.07142321078016
2025-05-08 17:59:00,3,27.24039611170105
2025-05-08 18:00:00,4,27.101368490624616
2025-05-08 18:01:00,6,27.235819917790767
2025-05-08 18:02:00,4,27.11721569633349
2025-05-08 18:03:00,4,27.42960631570323
2025-05-08 18:04:00,5,27.33554192183456
2025-05-08 18:05:00,5,26.85326993445312
2025-05-08 18:06:00,4,27.62919367029359
2025-05-08 18:07:00,5,27.128977530517734
2025-05-08 18:08:00,4,27.360838384833887
2025-05-08 18:09:00,4,27.652742355773057
2025-05-08 18:10:00,4,27.63768168636525
2025-05-08 18:11:00,6,27.75684368619141
2025-05-08 18:12:00,6,27.932522577524743
2025-05-08 18:13:00,7,27.80437738148241
2025-05-08 18:14:00,5,27.421977638712303
2025-05-08 18:15:00,3,27.62376064376181
2025-05-08 18:16:00,4,28.060201556318702
2025-05-08 18:17:00,2,27.676745694556
2025-05-08 18:18:00,3,27.564234110548423
2025-05-08 18:19:00,4,27.7362207845631
2025-05-08 18:20:00,5,28.01516711008989
2025-05-08 18:21:00,4,27.847373917980143
2025-05-08 18:22:00,5,27.80797005538829
2025-05-08 18:23:00,5,27.99005521498334
2025-05-08 18:24:00,5,27.61215560307557
2025-05-08 18:25:00,7,28.03684269424116
2025-05-08 18:26:00,6,28.24401397219327
2025-05-08 18:27:00,6,28.004935128851823
2025-05-08 18:28:00,6,28.079712514382884
2025-05-08 18:29:00,5,28.13300527785589
2025-05-08 18:30:00,4,28.212920841779493
2025-05-08 18:31:00,3,28.07381743362686
2025-05-08 18:32:00,4,27.68798937960042
2025-05-08 18:33:00,3,27.98683022709379
2025-05-08 18:34:00,5,28.014029054483693
2025-05-08 18:35:00,4,28.108382968978425
2025-05-08 18:36:00,4,28.03786408379455
2025-05-08 18:37:00,3,27.77198457923481
2025-05-08 18:38:00,4,28.03003331231179
2025-05-08 18:39:00,2,27.88434040189624
2025-05-08 18:40:00,1,27.9047397633482
2025-05-08 18:41:00,3,28.115210140966184
2025-05-08 18:42:00,2,28.1830997145706
2025-05-08 18:43:00,0,27.80360295357831
2025-05-08 18:44:00,0,28.045888925145807
2025-05-08 18:45:00,0,27.735402531314907
2025-05-08 18:46:00,2,27.97319551154097
2025-05-08 18:47:00,4,27.911629057273267
2025-05-08 18:48:00,4,28.07165728690731
2025-05-08 18:49:00,4,27.90759299424839
2025-05-08 18:50:00,3,27.72166162441404
2025-05-08 18:51:00,5,28.340474477255164
2025-05-08 18:52:00,5,28.01294500916945
2025-05-08 18:53:00,6,27.50693827183384
2025-05-08 18:54:00,6,27.721685047314864
2025-05-08 18:55:00,8,27.631186066188707
2025-05-08 18:56:00,6,27.71240402165777
2025-05-08 18:57:00,7,27.990752409068246
2025-05-08 18:58:00,8,27.59928561903179
2025-05-08 18:59:00,7,28.12526793079098
2025-05-08 19:00:00,8,27.80995113480124
2025-05-08 19:01:00,7,27.830489657277752
2025-05-08 19:02:00,8,27.84530261342124
2025-05-08 19:03:00,6,27.959087592682383
2025-05-08 19:04:00,8,27.45140516659137
2025-05-08 19:05:00,6,27.671756448709743
2025-05-08 19:06:00,7,27.78743697354916
2025-05-08 19:07:00,9,27.661660499917687
2025-05-08 19:08:00,10,27.57036852496412
2025-05-08 19:09:00,8,27.46451632444718
2025-05-08 19:10:00,10,27.72305286308826
2025-05-08 19:11:00,9,27.821220895296594
2025-05-08 19:12:00,11,27.47064053012165
2025-05-08 19:13:00,12,27.39893619114973
2025-05-08 19:14:00,12,27.53100566222305
2025-05-08 19:15:00,13,27.206399524983627
2025-05-08 19:16:00,12,26.894838550760483
2025-05-08 19:17:00,13,26.69458916837469
2025-05-08 19:18:00,11,27.286300891204228
2025-05-08 19:19:00,11,27.281882442354547
2025-05-08 19:20:00,13,26.869319591192628
2025-05-08 19:21:00,11,27.17375750298744
2025-05-08 19:22:00,12,27.08296657700641
2025-05-08 19:23:00,11,26.983589083146065
2025-05-08 19:24:00,12,27.077274662106905
2025-05-08 19:25:00,14,26.81721045134546
2025-05-08 19:26:00,14,27.07751112007868
2025-05-08 19:27:00,14,26.68336358277409
2025-05-08 19:28:00,14,26.65604163402596
2025-05-08 19:29:00,12,26.933970960848388
2025-05-08 19:30:00,14,26.742004532249577
2025-05-08 19:31:00,14,26.62352706720603
2025-05-08 19:32:00,13,26.61843839722234
2025-05-08 19:33:00,13,26.432937002117026
2025-05-08 19:34:00,11,26.76823250141232
2025-05-08 19:35:00,11,26.683538588873017
2025-05-08 19:36:00,13,26.602803389148765
2025-05-08 19:37:00,11,26.53703913401096
2025-05-08 19:38:00,10,26.2634209118795
2025-05-08 19:39:00,9,26.398106368025733
2025-05-08 19:40:00,7,26.15258630804642
2025-05-08 19:41:00,7,26.271535745400943
2025-05-08 19:42:00,7,26.626119096670266
2025-05-08 19:43:00,7,26.774304314271227
2025-05-08 19:44:00,9,26.593186773279864
2025-05-08 19:45:00,8,26.59699657578433
2025-05-08 19:46:00,10,26.30588589741927
2025-05-08 19:47:00,8,26.34729554316232
2025-05-08 19:48:00,10,26.485856366602896
2025-05-08 19:49:00,12,26.36322095369404
2025-05-08 19:50:00,10,26.076782782006703
2025-05-08 19:51:00,12,26.12485817507199
2025-05-08 19:52:00,10,25.953325897644618
2025-05-08 19:53:00,8,26.366079231399453
2025-05-08 19:54:00,9,26.41791559053868
2025-05-08 19:55:00,9,26.21989112127089
2025-05-08 19:56:00,10,25.78398139539009
2025-05-08 19:57:00,10,26.02861161945585
2025-05-08 19:58:00,8,25.86903419704924
2025-05-08 19:59:00,10,26.04137658435527
2025-05-08 20:00:00,11,25.693607357056045
2025-05-08 20:01:00,12,26.31466383661785
2025-05-08 20:02:00,11,26.129319248944803
2025-05-08 20:03:00,12,26.384914480533663
2025-05-08 20:04:00,12,25.898058125792964
2025-05-08 20:05:00,11,25.905243512766067
2025-05-08 20:06:00,1,25.768663521642274
2025-05-08 20:07:00,2,26.14048248421877
2025-05-08 20:08:00,4,25.75343092359529
2025-05-08 20:09:00,4,25.82596308432889
2025-05-08 20:10:00,2,26.039808546662474
2025-05-08 20:11:00,0,25.95712564387255
2025-05-08 20:12:00,0,26.04239812793185
2025-05-08 20:13:00,2,25.797670306895665
2025-05-08 20:14:00,2,25.853162454951008
2025-05-08 20:15:00,3,26.251835659736845
2025-05-08 20:16:00,3,26.07511122518211
2025-05-08 20:17:00,3,25.9606198855422
2025-05-08 20:18:00,5,25.946497768596902
2025-05-08 20:19:00,0,25.76560856740473
2025-05-08 20:20:00,0,25.947305271156683
2025-05-08 20:21:00,0,26.05413408868869
2025-05-08 20:22:00,2,26.046731766080583
2025-05-08 20:23:00,1,26.1774783840167
2025-05-08 20:24:00,0,26.27400463024627
2025-05-08 20:25:00,2,26.587770520320696
2025-05-08 20:26:00,0,25.945504188763167
2025-05-08 20:27:00,0,26.165962426570587
2025-05-08 20:28:00,1,26.41975820205932
2025-05-08 20:29:00,3,26.406563200259093
2025-05-08 20:30:00,5,26.39080576940333
2025-05-08 20:31:00,7,26.63325483021489
2025-05-08 20:32:00,9,26.375925111625005
2025-05-08 20:33:00,10,26.14624952509703
2025-05-08 20:34:00,11,26.34019553213446
2025-05-08 20:35:00,11,26.674215613961213
2025-05-08 20:36:00,10,26.37998893622284
2025-05-08 20:37:00,11,26.29605363704913
2025-05-08 20:38:00,11,26.47044427817264
2025-05-08 20:39:00,9,26.798725362341035
2025-05-08 20:40:00,8,26.739149160086285
2025-05-08 20:41:00,6,26.90365153907684
2025-05-08 20:42:00,4,26.49282717468767
2025-05-08 20:43:00,6,26.72703197305349
2025-05-08 20:44:00,5,26.82038139570525
2025-05-08 20:45:00,4,26.794881359757216
2025-05-08 20:46:00,4,26.731846030646206
2025-05-08 20:47:00,6,26.81098760356739
2025-05-08 20:48:00,7,27.19007788887169
2025-05-08 20:49:00,6,27.00661441037905
2025-05-08 20:50:00,6,27.011965061462902
2025-05-08 20:51:00,8,27.28104546765275
2025-05-08 20:52:00,6,27.388860173473017
2025-05-08 20:53:00,5,27.2594472195193
2025-05-08 20:54:00,3,26.96127175527865
2025-05-08 20:55:00,1,27.14390645948369
2025-05-08 20:56:00,2,26.93232596808937
2025-05-08 20:57:00,1,27.305054029634544
2025-05-08 20:58:00,3,27.36810070175312
2025-05-08 20:59:00,2,27.46541629234666
2025-05-08 21:00:00,4,27.127745017475664
2025-05-08 21:01:00,6,27.38541715294736
2025-05-08 21:02:00,6,27.25324891856405
2025-05-08 21:03:00,5,27.20031697888007
2025-05-08 21:04:00,3,27.28720046892397
2025-05-08 21:05:00,2,27.454081005118407
2025-05-08 21:06:00,0,27.682244726299253
2025-05-08 21:07:00,1,27.73875828333989
2025-05-08 21:08:00,3,27.736925379036045
2025-05-08 21:09:00,2,27.4924695407676
2025-05-08 21:10:00,3,27.252214511100043
2025-05-08 21:11:00,3,27.68245847620474
2025-05-08 21:12:00,1,27.5772693552347
2025-05-08 21:13:00,0,27.78679344349352
2025-05-08 21:14:00,0,28.026785864299256
2025-05-08 21:15:00,0,27.73083638690652
2025-05-08 21:16:00,2,27.807294803273464
2025-05-08 21:17:00,3,27.58937351844127
2025-05-08 21:18:00,3,28.249461099375665
2025-05-08 21:19:00,4,27.709619273212844
2025-05-08 21:20:00,4,27.93546840690984
2025-05-08 21:21:00,2,28.31216175623192
2025-05-08 21:22:00,2,27.747038089353588
2025-05-08 21:23:00,3,28.00071783046653
2025-05-08 21:24:00,3,28.37998011669264
2025-05-08 21:25:00,2,27.85163652950132
2025-05-08 21:26:00,3,28.09391130980184
2025-05-08 21:27:00,4,28.1531975537229
2025-05-08 21:28:00,4,27.956787042715654
2025-05-08 21:29:00,3,27.83731169871553
2025-05-08 21:30:00,4,27.974673011864425
2025-05-08 21:31:00,6,27.77922438013496
2025-05-08 21:32:00,7,27.653302434455377
2025-05-08 21:33:00,8,27.822530370461568
2025-05-08 21:34:00,8,28.406582538945106
2025-05-08 21:35:00,8,27.96665065219428
2025-05-08 21:36:00,9,28.076857926002138
2025-05-08 21:37:00,7,27.78807243154182
2025-05-08 21:38:00,8,27.83958937771392
2025-05-08 21:39:00,6,27.93219058241309
2025-05-08 21:40:00,5,28.122868204204995
2025-05-08 21:41:00,7,28.082580585273224
2025-05-08 21:42:00,8,27.970622435583053
2025-05-08 21:43:00,9,28.20124636516077
2025-05-08 21:44:00,8,27.88258243282873
2025-05-08 21:45:00,10,27.84277863769424
2025-05-08 21:46:00,8,27.86052125283423
2025-05-08 21:47:00,6,27.9945319919784
2025-05-08 21:48:00,5,27.68012462567136
2025-05-08 21:49:00,3,28.06657983834129
2025-05-08 21:50:00,4,28.0014389235562
2025-05-08 21:51:00,4,28.24569430297392
2025-05-08 21:52:00,3,28.076371276091912
2025-05-08 21:53:00,2,27.666561635462337
2025-05-08 21:54:00,4,27.88612851683224
2025-05-08 21:55:00,6,28.144131266922223
2025-05-08 21:56:00,8,27.97119633780635
2025-05-08 21:57:00,7,28.03837376580756
2025-05-08 21:58:00,6,27.434603274188163
2025-05-08 21:59:00,6,27.517305614895125
2025-05-08 22:00:00,7,27.61437694229823
2025-05-08 22:01:00,7,27.55836182973288
2025-05-08 22:02:00,6,27.473246452428715
2025-05-08 22:03:00,8,27.699908498409247
2025-05-08 22:04:00,7,27.4204886967359
2025-05-08 22:05:00,5,27.46115973133465
2025-05-08 22:06:00,5,27.469469390184383
2025-05-08 22:07:00,5,27.24880568755427
2025-05-08 22:08:00,7,27.568793616409337
2025-05-08 22:09:00,7,27.139842082427023
2025-05-08 22:10:00,6,26.909744435630344
2025-05-08 22:11:00,8,27.37245067279336
2025-05-08 22:12:00,9,27.17658785016465
2025-05-08 22:13:00,10,27.88941602611952
2025-05-08 22:14:00,10,27.41316273020648
2025-05-08 22:15:00,9,27.11575617046544
2025-05-08 22:16:00,10,27.58550747321912
2025-05-08 22:17:00,10,27.050500199995327
2025-05-08 22:18:00,8,26.850845259406675
2025-05-08 22:19:00,6,27.15108506020949
2025-05-08 22:20:00,5,26.87653271019675
2025-05-08 22:21:00,6,26.704414355247906
2025-05-08 22:22:00,6,27.181215785927066
2025-05-08 22:23:00,6,26.664905985447422
2025-05-08 22:24:00,5,26.88948821617388
2025-05-08 22:25:00,4,26.878059170169525
2025-05-08 22:26:00,2,26.852808280055267
2025-05-08 22:27:00,2,26.55147057094685
2025-05-08 22:28:00,4,26.58480313787253
2025-05-08 22:29:00,4,26.46791318773265
2025-05-08 22:30:00,6,26.20885248812056
2025-05-08 22:31:00,5,26.79326775132844
2025-05-08 22:32:00,5,26.50303521442582
2025-05-08 22:33:00,3,26.58850787467148
2025-05-08 22:34:00,4,26.404115643526666
2025-05-08 22:35:00,3,26.53797455253965
2025-05-08 22:36:00,2,26.58251348465945
2025-05-08 22:37:00,4,26.25555184815236
2025-05-08 22:38:00,3,26.64191576327269
2025-05-08 22:39:00,3,25.93420146031521
2025-05-08 22:40:00,4,26.33239366901211
2025-05-08 22:41:00,2,26.248632924260484
2025-05-08 22:42:00,0,26.39666405913877
2025-05-08 22:43:00,2,26.04052805763088
2025-05-08 22:44:00,4,26.17533364103312
2025-05-08 22:45:00,5,25.957876986293083
2025-05-08 22:46:00,3,26.366576736902687
2025-05-08 22:47:00,1,26.033649819893487
2025-05-08 22:48:00,0,26.0422596663044
2025-05-08 22:49:00,0,25.95875978406188
2025-05-08 22:50:00,0,26.08649236832351
2025-05-08 22:51:00,0,26.353120407616608
2025-05-08 22:52:00,0,25.70249522423502
2025-05-08 22:53:00,1,26.398313027480857
2025-05-08 22:54:00,1,25.729005613420444
2025-05-08 22:55:00,1,26.00422751249041
2025-05-08 22:56:00,0,25.955887328798145
2025-05-08 22:57:00,2,26.057322312969188
2025-05-08 22:58:00,0,26.01221100207372
2025-05-08 22:59:00,0,26.127861129488984
2025-05-08 23:00:00,0,26.22180260910877
2025-05-08 23:01:00,0,25.81980441544441
2025-05-08 23:02:00,0,26.01426661313631
2025-05-08 23:03:00,0,25.831486053873284
2025-05-08 23:04:00,0,26.06994839723573
2025-05-08 23:05:00,2,26.10926657685892
2025-05-08 23:06:00,0,25.823092043490373
2025-05-08 23:07:00,1,25.98112208971151
2025-05-08 23:08:00,0,25.67018661322616
2025-05-08 23:09:00,0,25.939595805415696
2025-05-08 23:10:00,0,25.59834222222424
2025-05-08 23:11:00,0,26.07153524208716
2025-05-08 23:12:00,0,26.302841520365888
2025-05-08 23:13:00,0,25.62216176028593
2025-05-08 23:14:00,2,25.94824186298844
2025-05-08 23:15:00,4,26.04430477098871
2025-05-08 23:16:00,4,26.47742625935873
2025-05-08 23:17:00,5,26.227000045174044
2025-05-08 23:18:00,4,26.34413014861547
2025-05-08 23:19:00,6,26.274687001495867
2025-05-08 23:20:00,6,25.85181564341905
2025-05-08 23:21:00,5,26.37694940798401
2025-05-08 23:22:00,4,26.01445555883244
2025-05-08 23:23:00,4,26.18903846817336
2025-05-08 23:24:00,5,26.30508649341131
2025-05-08 23:25:00,6,26.32565307102086
2025-05-08 23:26:00,4,26.388000389640784
2025-05-08 23:27:00,4,26.23384144267232
2025-05-08 23:28:00,6,26.250596538088224
2025-05-08 23:29:00,5,26.45291228688103
2025-05-08 23:30:00,3,26.44529913617139
2025-05-08 23:31:00,4,26.34904364896536
2025-05-08 23:32:00,6,26.522017689225223
2025-05-08 23:33:00,7,26.421287945791462
2025-05-08 23:34:00,7,26.52919097216482
2025-05-08 23:35:00,5,26.608654374868514
2025-05-08 23:36:00,4,26.84402883826857
2025-05-08 23:37:00,4,26.840051086253883
2025-05-08 23:38:00,5,26.5696017595452
2025-05-08 23:39:00,6,27.044128860368424
2025-05-08 23:40:00,4,26.68556080798336
2025-05-08 23:41:00,3,26.696918203791327
2025-05-08 23:42:00,5,26.733226886236093
2025-05-08 23:43:00,6,26.90598529952268
2025-05-08 23:44:00,5,26.927141420094024
2025-05-08 23:45:00,5,26.93820283145224
2025-05-08 23:46:00,4,27.06993211938024
2025-05-08 23:47:00,4,27.070973495811177
2025-05-08 23:48:00,6,26.96709776632057
2025-05-08 23:49:00,5,27.16076595536587
2025-05-08 23:50:00,4,27.189058104789424
2025-05-08 23:51:00,3,27.19398869026256
2025-05-08 23:52:00,3,27.03545655857459
2025-05-08 23:53:00,1,27.12485768355464
2025-05-08 23:54:00,0,27.22279459331583
2025-05-08 23:55:00,1,26.85217764725561
2025-05-08 23:56:00,0,27.740891982509908
2025-05-08 23:57:00,1,27.25374828395101
2025-05-08 23:58:00,2,27.09210546921142
2025-05-08 23:59:00,4,27.30883765384594
2025-05-09 00:00:00,5,27.255829956003183
2025-05-09 00:01:00,5,27.374590354054646
2025-05-09 00:02:00,6,27.63270756108656
2025-05-09 00:03:00,5,27.322793848467395
2025-05-09 00:04:00,3,27.505943470061464
2025-05-09 00:05:00,1,27.64925229303464
2025-05-09 00:06:00,0,27.77038027751882
2025-05-09 00:07:00,0,27.8981305495992
2025-05-09 00:08:00,0,27.65537526952277
2025-05-09 00:09:00,0,27.76087809078952
2025-05-09 00:10:00,0,27.888447023271087
2025-05-09 00:11:00,0,27.520336552465903
2025-05-09 00:12:00,2,28.027255102928024
2025-05-09 00:13:00,3,27.63175830422815
2025-05-09 00:14:00,4,27.86629421564679
2025-05-09 00:15:00,2,27.53877012580023
2025-05-09 00:16:00,2,28.23240848661887
2025-05-09 00:17:00,2,27.65991564906477
2025-05-09 00:18:00,1,27.732922142564064
2025-05-09 00:19:00,0,28.02332377029915
2025-05-09 00:20:00,0,27.797113144202484
2025-05-09 00:21:00,2,27.93792879534197
2025-05-09 00:22:00,3,27.965275615789384
2025-05-09 00:23:00,5,28.14150608474809
2025-05-09 00:24:00,5,28.078309588698627
2025-05-09 00:25:00,7,27.929918729334425
2025-05-09 00:26:00,8,27.66459779596431
2025-05-09 00:27:00,7,28.09466319820052
2025-05-09 00:28:00,8,27.63443516730736
2025-05-09 00:29:00,7,27.80814758188747
2025-05-09 00:30:00,8,28.108249060923505
2025-05-09 00:31:00,8,28.013638304122647
2025-05-09 00:32:00,8,28.04348374525702
2025-05-09 00:33:00,9,28.14682450577491
2025-05-09 00:34:00,8,28.06545612375148
2025-05-09 00:35:00,8,28.30856006046984
2025-05-09 00:36:00,8,28.04987229557557
2025-05-09 00:37:00,9,28.25621746402899
2025-05-09 00:38:00,9,28.02007746558608
2025-05-09 00:39:00,8,27.842813917519017
2025-05-09 00:40:00,7,27.42835897851424
2025-05-09 00:41:00,9,27.924706867567583
2025-05-09 00:42:00,7,28.00027186912208
2025-05-09 00:43:00,6,28.03120845924557
2025-05-09 00:44:00,8,27.92134282636868
2025-05-09 00:45:00,9,27.93996444835356
2025-05-09 00:46:00,9,27.99021423571177
2025-05-09 00:47:00,7,27.72691001977536
2025-05-09 00:48:00,5,27.90587028000665
2025-05-09 00:49:00,6,27.74258304772981
2025-05-09 00:50:00,5,27.60954449652101
2025-05-09 00:51:00,3,28.090820826682588
2025-05-09 00:52:00,5,27.85069012123977
2025-05-09 00:53:00,7,27.634137744036124
2025-05-09 00:54:00,7,27.773517236053163
2025-05-09 00:55:00,9,28.138295041328945
2025-05-09 00:56:00,8,27.54535864376997
2025-05-09 00:57:00,8,27.66569335248006
2025-05-09 00:58:00,8,27.82832906533812
2025-05-09 00:59:00,10,27.22154703479844
2025-05-09 01:00:00,12,27.717528321442227
2025-05-09 01:01:00,13,27.08994552499718
2025-05-09 01:02:00,14,27.421646003404284
2025-05-09 01:03:00,12,27.50239014304724
2025-05-09 01:04:00,13,27.22984245544243
2025-05-09 01:05:00,12,27.28003938808668
2025-05-09 01:06:00,12,27.43186279793178
2025-05-09 01:07:00,11,27.025678351487656
2025-05-09 01:08:00,9,27.361795318044184
2025-05-09 01:09:00,11,27.06282611637448
2025-05-09 01:10:00,13,27.23193290978693
2025-05-09 01:11:00,12,27.13259515141658
2025-05-09 01:12:00,10,26.72776352351861
2025-05-09 01:13:00,11,26.890161833035545
2025-05-09 01:14:00,10,27.21215965596636
2025-05-09 01:15:00,8,27.203313171553454
2025-05-09 01:16:00,8,26.56168483694811
2025-05-09 01:17:00,6,27.183945174591805
2025-05-09 01:18:00,4,27.14418260765764
2025-05-09 01:19:00,6,27.226745475534315
2025-05-09 01:20:00,7,27.2024020922521
2025-05-09 01:21:00,8,27.656696820709147
2025-05-09 01:22:00,8,27.33515535792622
2025-05-09 01:23:00,8,27.4247002919195
2025-05-09 01:24:00,7,27.25416740234696
2025-05-09 01:25:00,6,27.39945599517676
2025-05-09 01:26:00,6,27.2074065363213
2025-05-09 01:27:00,8,27.3903965216174
2025-05-09 01:28:00,8,27.68107380844446
2025-05-09 01:29:00,6,27.190397950467013
2025-05-09 01:30:00,7,27.953454946295327
2025-05-09 01:31:00,9,27.651642376088915
2025-05-09 01:32:00,9,27.77491545390574
2025-05-09 01:33:00,7,27.898546561232752
2025-05-09 01:34:00,9,27.54673004781853
2025-05-09 01:35:00,8,27.800950299516863
2025-05-09 01:36:00,10,27.818391896845284
2025-05-09 01:37:00,12,28.10982393718401
2025-05-09 01:38:00,12,27.18876810242407
2025-05-09 01:39:00,12,27.9744577409022
2025-05-09 01:40:00,14,27.76474375548578
2025-05-09 01:41:00,15,28.051050063770703
2025-05-09 01:42:00,17,27.76202288132217
2025-05-09 01:43:00,17,28.280699299831905
2025-05-09 01:44:00,15,28.034289004982693
2025-05-09 01:45:00,14,28.13312188714953
2025-05-09 01:46:00,16,28.097622315703568
2025-05-09 01:47:00,15,28.212958606295715
2025-05-09 01:48:00,15,27.970086121481938
2025-05-09 01:49:00,14,27.7642129078485
2025-05-09 01:50:00,15,27.9609752174544
2025-05-09 01:51:00,14,27.800576767796887
2025-05-09 01:52:00,14,28.230256510796707
2025-05-09 01:53:00,14,27.77879968361633
2025-05-09 01:54:00,14,27.889319808625785
2025-05-09 01:55:00,16,28.159584313360945
2025-05-09 01:56:00,16,27.640749290761608
2025-05-09 01:57:00,14,27.934375115088528
2025-05-09 01:58:00,16,27.744888815982293
2025-05-09 01:59:00,18,28.060938585419933
2025-05-09 02:00:00,19,28.00775815121046
2025-05-09 02:01:00,19,28.06318590554256
2025-05-09 02:02:00,21,27.970210060977408
2025-05-09 02:03:00,21,28.148749805222494
2025-05-09 02:04:00,23,28.229649627508945
2025-05-09 02:05:00,22,27.961068200670336
2025-05-09 02:06:00,22,28.280718141300003
2025-05-09 02:07:00,20,28.264815964173287
2025-05-09 02:08:00,22,27.63305798832296
2025-05-09 02:09:00,23,27.47354384210984
2025-05-09 02:10:00,23,27.75125509357837
2025-05-09 02:11:00,21,27.951230887313468
2025-05-09 02:12:00,20,27.710805351965607
2025-05-09 02:13:00,20,28.30031139284366
2025-05-09 02:14:00,21,27.79334722336153
2025-05-09 02:15:00,22,27.90679058958873
2025-05-09 02:16:00,22,28.14612054976718
2025-05-09 02:17:00,20,27.845082353531005
2025-05-09 02:18:00,18,27.920951596706768
2025-05-09 02:19:00,17,27.502428980489128
2025-05-09 02:20:00,19,27.521364435300253
2025-05-09 02:21:00,19,27.58481039792789
2025-05-09 02:22:00,19,27.476989008782272
2025-05-09 02:23:00,21,27.52891272548429
2025-05-09 02:24:00,21,27.75056673556746
2025-05-09 02:25:00,20,27.167993087632773
2025-05-09 02:26:00,18,27.942774569420514
2025-05-09 02:27:00,20,27.50854169668779
2025-05-09 02:28:00,19,27.735724542963982
2025-05-09 02:29:00,20,27.502733741446043
2025-05-09 02:30:00,21,27.571744035855268
2025-05-09 02:31:00,19,28.087511620763284
2025-05-09 02:32:00,21,26.980970000338942
2025-05-09 02:33:00,22,26.95479042243275
2025-05-09 02:34:00,24,26.929536469899816
2025-05-09 02:35:00,23,27.17325529922362
2025-05-09 02:36:00,24,27.05220247484657
2025-05-09 02:37:00,25,26.977456454084034
2025-05-09 02:38:00,27,27.4861900306102
2025-05-09 02:39:00,26,27.006036015955825
2025-05-09 02:40:00,24,27.002759308344217
2025-05-09 02:41:00,26,26.63285980648974
2025-05-09 02:42:00,28,27.481684005158016
2025-05-09 02:43:00,26,26.888812802327752
2025-05-09 02:44:00,28,26.737304468626085
2025-05-09 02:45:00,28,26.6306175401658
2025-05-09 02:46:00,29,26.4296901443724
2025-05-09 02:47:00,28,27.00818278213478
2025-05-09 02:48:00,30,26.72578462685362
2025-05-09 02:49:00,31,26.352116185235644
2025-05-09 02:50:00,31,27.05557336560509
2025-05-09 02:51:00,33,26.99190371294592
2025-05-09 02:52:00,32,26.36174552184237
2025-05-09 02:53:00,34,26.9764578486492
2025-05-09 02:54:00,36,26.73026512277261
2025-05-09 02:55:00,34,26.343442028380565
2025-05-09 02:56:00,33,26.93758323804309
2025-05-09 02:57:00,35,26.46283906714044
2025-05-09 02:58:00,37,26.165960833204075
2025-05-09 02:59:00,39,26.041476343752848
2025-05-09 03:00:00,38,26.137054103358413
2025-05-09 03:01:00,39,26.16132994029412
2025-05-09 03:02:00,37,26.25795309090364
2025-05-09 03:03:00,35,26.366505026152065
2025-05-09 03:04:00,35,26.090275399940204
2025-05-09 03:05:00,36,26.494297725300925
2025-05-09 03:06:00,36,26.112645573688145
2025-05-09 03:07:00,35,26.0550603486505
2025-05-09 03:08:00,35,25.986050547007505
2025-05-09 03:09:00,35,26.32587386196359
2025-05-09 03:10:00,37,26.371878876715627
2025-05-09 03:11:00,35,26.211009802101835
2025-05-09 03:12:00,33,26.064826170439684
2025-05-09 03:13:00,31,25.92207133543479
2025-05-09 03:14:00,30,26.00305042677077
2025-05-09 03:15:00,30,26.120128897861488
2025-05-09 03:16:00,28,26.09630446175915
2025-05-09 03:17:00,30,25.80119603006321
2025-05-09 03:18:00,30,26.136627504098016
2025-05-09 03:19:00,31,25.97399089923965
2025-05-09 03:20:00,33,26.26308106233512
2025-05-09 03:21:00,35,25.919061949585306
2025-05-09 03:22:00,33,26.1643949087912
2025-05-09 03:23:00,33,26.31314230240752
2025-05-09 03:24:00,35,26.09064731020075
2025-05-09 03:25:00,34,25.92444883975035
2025-05-09 03:26:00,33,26.563522253432676
2025-05-09 03:27:00,31,26.40559740258876
2025-05-09 03:28:00,29,25.592127443788552
2025-05-09 03:29:00,31,25.933534097195587
2025-05-09 03:30:00,21,25.60696163063553
2025-05-09 03:31:00,11,25.9794199813948
2025-05-09 03:32:00,10,26.087803875938445
2025-05-09 03:33:00,11,26.083269939588103
2025-05-09 03:34:00,11,26.321872876852133
2025-05-09 03:35:00,9,25.979678771962107
2025-05-09 03:36:00,7,25.818871374321112
2025-05-09 03:37:00,6,26.435019592958074
2025-05-09 03:38:00,7,26.332674540703
2025-05-09 03:39:00,9,26.345204046026165
2025-05-09 03:40:00,9,26.03987890733219
2025-05-09 03:41:00,9,26.39072240928454
2025-05-09 03:42:00,11,26.14789732698668
2025-05-09 03:43:00,12,26.315740354752226
2025-05-09 03:44:00,13,26.123773621271464
2025-05-09 03:45:00,12,26.516045200234803
2025-05-09 03:46:00,14,26.19058490464422
2025-05-09 03:47:00,16,26.4289496164702
2025-05-09 03:48:00,17,26.39790133496554
2025-05-09 03:49:00,15,26.27252627820496
2025-05-09 03:50:00,17,26.307629290721074
2025-05-09 03:51:00,17,26.33737880650309
2025-05-09 03:52:00,19,26.19679954491069
2025-05-09 03:53:00,21,26.519332303278148
2025-05-09 03:54:00,22,26.57378779316492
2025-05-09 03:55:00,24,26.586495622689675
2025-05-09 03:56:00,22,26.812104897131853
2025-05-09 03:57:00,23,26.9135116960442
2025-05-09 03:58:00,21,26.78457604469633
2025-05-09 03:59:00,23,26.494963932921024
2025-05-09 04:00:00,24,26.722681286379306
2025-05-09 04:01:00,25,26.60719489817412
2025-05-09 04:02:00,24,27.14797487930189
2025-05-09 04:03:00,24,26.836014779490636
2025-05-09 04:04:00,24,26.8393293240713
2025-05-09 04:05:00,26,27.178201768168545
2025-05-09 04:06:00,27,26.77364913579376
2025-05-09 04:07:00,29,27.308936210764795
2025-05-09 04:08:00,30,26.83792393266145
2025-05-09 04:09:00,29,26.955765038949384
2025-05-09 04:10:00,31,27.19459861897158
2025-05-09 04:11:00,33,27.31650240864672
2025-05-09 04:12:00,33,26.806990397939227
2025-05-09 04:13:00,34,27.04991021339414
2025-05-09 04:14:00,34,27.366447785511838
2025-05-09 04:15:00,35,27.02456716994581
2025-05-09 04:16:00,33,27.096603527514983
2025-05-09 04:17:00,35,27.6030787539654
2025-05-09 04:18:00,37,27.547851378640463
2025-05-09 04:19:00,37,27.40458706438983
2025-05-09 04:20:00,38,27.45803825021573
2025-05-09 04:21:00,36,27.52825469618244
2025-05-09 04:22:00,37,27.69795441339248
2025-05-09 04:23:00,35,27.58760430465556
2025-05-09 04:24:00,36,27.38620279044642
2025-05-09 04:25:00,34,27.93702994404809
2025-05-09 04:26:00,35,27.618644483534084
2025-05-09 04:27:00,34,27.38381793835828
2025-05-09 04:28:00,34,28.08946952810385
2025-05-09 04:29:00,35,28.09115314031417
2025-05-09 04:30:00,36,27.89514796233178
2025-05-09 04:31:00,38,27.897978731459133
2025-05-09 04:32:00,36,27.419486413581744
2025-05-09 04:33:00,35,27.552790660878035
2025-05-09 04:34:00,34,27.51078003564779
2025-05-09 04:35:00,33,28.10090012222452
2025-05-09 04:36:00,35,28.345866959523168
2025-05-09 04:37:00,37,27.93387267052912
2025-05-09 04:38:00,38,27.671661225206936
2025-05-09 04:39:00,40,28.207828955964
2025-05-09 04:40:00,39,27.810858952221547
2025-05-09 04:41:00,38,27.794702848439847
2025-05-09 04:42:00,36,28.02485793425992
2025-05-09 04:43:00,35,27.64267623683407
2025-05-09 04:44:00,35,27.71698658829587
2025-05-09 04:45:00,36,28.04314575852431
2025-05-09 04:46:00,37,27.90830175383937
2025-05-09 04:47:00,36,27.75044332621932
2025-05-09 04:48:00,36,28.02013144582325
2025-05-09 04:49:00,34,27.75612962287272
2025-05-09 04:50:00,36,27.761972198607666
2025-05-09 04:51:00,37,27.91194590335696
2025-05-09 04:52:00,35,27.976575116512237
2025-05-09 04:53:00,34,27.729485846703668
2025-05-09 04:54:00,33,28.196300217614883
2025-05-09 04:55:00,31,28.18289299906913
2025-05-09 04:56:00,31,27.80726233849135
2025-05-09 04:57:00,30,27.84930151017069
2025-05-09 04:58:00,28,28.11879531849276
2025-05-09 04:59:00,26,27.776467660571026
2025-05-09 05:00:00,26,27.69358535702654
2025-05-09 05:01:00,28,27.58879580893838
2025-05-09 05:02:00,27,27.812745572943545
2025-05-09 05:03:00,25,27.975126109934983
2025-05-09 05:04:00,23,28.38373350959919
2025-05-09 05:05:00,24,28.22500145137957
2025-05-09 05:06:00,23,28.15760707402268
2025-05-09 05:07:00,22,27.593272386835007
2025-05-09 05:08:00,23,27.739850791374707
2025-05-09 05:09:00,24,28.284535990055392
2025-05-09 05:10:00,26,27.94628648599506
2025-05-09 05:11:00,24,27.572489233565143
2025-05-09 05:12:00,26,27.95673904479758
2025-05-09 05:13:00,24,27.802502858561677
2025-05-09 05:14:00,23,27.33827931727573
2025-05-09 05:15:00,25,27.66747862820186
2025-05-09 05:16:00,25,27.41038888004296
2025-05-09 05:17:00,26,27.94980326642562
2025-05-09 05:18:00,27,27.46861761749157
2025-05-09 05:19:00,27,27.81892117047636
2025-05-09 05:20:00,28,27.83356210081551
2025-05-09 05:21:00,28,27.584864182020084
2025-05-09 05:22:00,30,27.373467387271194
2025-05-09 05:23:00,29,27.279264677700816
2025-05-09 05:24:00,31,27.507628872756094
2025-05-09 05:25:00,31,27.626867611445512
2025-05-09 05:26:00,32,27.374997549026475
2025-05-09 05:27:00,30,26.97313178302164
2025-05-09 05:28:00,28,27.43425437822001
2025-05-09 05:29:00,28,27.217679555694662
2025-05-09 05:30:00,30,27.72364417576853
2025-05-09 05:31:00,28,27.4808405437186
2025-05-09 05:32:00,26,27.20090205534385
2025-05-09 05:33:00,24,26.896426492872788
2025-05-09 05:34:00,25,26.664549756532946
2025-05-09 05:35:00,27,26.983246280508823
2025-05-09 05:36:00,29,27.158811618121582
2025-05-09 05:37:00,28,26.965638704774022
2025-05-09 05:38:00,29,26.72345762273618
2025-05-09 05:39:00,27,27.20289417344917
2025-05-09 05:40:00,26,26.30917659259964
2025-05-09 05:41:00,25,27.00355088608846
2025-05-09 05:42:00,26,26.83754960217921
2025-05-09 05:43:00,26,26.871340938644867
2025-05-09 05:44:00,25,26.58149169479244
2025-05-09 05:45:00,26,26.43517032463549
2025-05-09 05:46:00,28,26.8554902248708
2025-05-09 05:47:00,29,26.30684130175077
2025-05-09 05:48:00,31,26.528650208843104
2025-05-09 05:49:00,33,26.588661883855096
2025-05-09 05:50:00,35,26.274973998992326
2025-05-09 05:51:00,35,26.362280639407324
2025-05-09 05:52:00,33,26.7729722816688
2025-05-09 05:53:00,33,26.15975210599389
2025-05-09 05:54:00,32,26.720346771328035
2025-05-09 05:55:00,31,26.396674882280344
2025-05-09 05:56:00,32,26.47171812695508
2025-05-09 05:57:00,33,26.474237948364635
2025-05-09 05:58:00,32,26.30450234190236
2025-05-09 05:59:00,33,25.971569100476643
2025-05-09 06:00:00,33,26.28082732927189
2025-05-09 06:01:00,31,26.50875884878413
2025-05-09 06:02:00,33,26.18030790976467
2025-05-09 06:03:00,34,26.43012902512501
2025-05-09 06:04:00,36,26.122302640580585
2025-05-09 06:05:00,36,25.94996642551103
2025-05-09 06:06:00,35,26.016398617860958
2025-05-09 06:07:00,34,26.352701786189456
2025-05-09 06:08:00,32,26.18105248915233
2025-05-09 06:09:00,32,26.309327177959748
2025-05-09 06:10:00,34,25.885052262791792
2025-05-09 06:11:00,36,26.117507101127444
2025-05-09 06:12:00,34,26.20487950741552
2025-05-09 06:13:00,34,26.05088740182293
2025-05-09 06:14:00,33,26.082942095857195
2025-05-09 06:15:00,32,25.77779098596955
2025-05-09 06:16:00,32,26.11307180813134
2025-05-09 06:17:00,31,26.117776417838897
2025-05-09 06:18:00,29,26.03360429574579
2025-05-09 06:19:00,31,26.034323043601187
2025-05-09 06:20:00,31,25.929764659544084
2025-05-09 06:21:00,32,26.151841705007044
2025-05-09 06:22:00,33,25.783019800404897
2025-05-09 06:23:00,33,26.02782312647114
2025-05-09 06:24:00,32,25.97881366164429
2025-05-09 06:25:00,30,25.63697905244541
2025-05-09 06:26:00,13,25.748265043511324
2025-05-09 06:27:00,11,26.269366501798505
2025-05-09 06:28:00,10,26.40954601468048
2025-05-09 06:29:00,9,25.744658515806712
2025-05-09 06:30:00,8,25.85581331214094
2025-05-09 06:31:00,8,26.078990598447607
2025-05-09 06:32:00,6,25.97723923223877
2025-05-09 06:33:00,8,26.09277175503848
2025-05-09 06:34:00,6,26.09684947115298
2025-05-09 06:35:00,4,26.547220811827504
2025-05-09 06:36:00,5,26.26306452624875
2025-05-09 06:37:00,7,26.41768621555705
2025-05-09 06:38:00,9,26.19977077893633
2025-05-09 06:39:00,11,26.422364384803224
2025-05-09 06:40:00,9,26.290876788299176
2025-05-09 06:41:00,9,26.3687906969036
2025-05-09 06:42:00,7,25.848320665188435
2025-05-09 06:43:00,7,26.54745715285172
2025-05-09 06:44:00,9,26.246866084641947
2025-05-09 06:45:00,7,26.224294985546397
2025-05-09 06:46:00,9,26.24503806466071
2025-05-09 06:47:00,10,26.48556021172079
2025-05-09 06:48:00,11,26.2874940564917
2025-05-09 06:49:00,11,26.136315345798455
2025-05-09 06:50:00,13,26.150711378534886
2025-05-09 06:51:00,14,26.728157504202475
2025-05-09 06:52:00,12,26.60268230280492
2025-05-09 06:53:00,14,26.75827284001565
2025-05-09 06:54:00,15,26.71122416850968
2025-05-09 06:55:00,17,26.481676387769305
2025-05-09 06:56:00,16,26.56101199225319
2025-05-09 06:57:00,18,27.14424280926132
2025-05-09 06:58:00,16,26.753135522504117
2025-05-09 06:59:00,15,27.031935224588928
2025-05-09 07:00:00,16,26.957988639251436
2025-05-09 07:01:00,14,26.628452244661883
2025-05-09 07:02:00,13,27.199358741200243
2025-05-09 07:03:00,13,26.913549501427145
2025-05-09 07:04:00,12,26.90297496157157
2025-05-09 07:05:00,14,27.06611180688986
2025-05-09 07:06:00,14,27.00093948000632
2025-05-09 07:07:00,13,27.131014220337505
2025-05-09 07:08:00,15,27.13665731585249
2025-05-09 07:09:00,14,27.441509798921736
2025-05-09 07:10:00,13,27.365954026301136
2025-05-09 07:11:00,15,27.04861252045336
2025-05-09 07:12:00,16,27.25792399314227
2025-05-09 07:13:00,14,26.930202715850186
2025-05-09 07:14:00,16,27.35454619046081
2025-05-09 07:15:00,17,27.11112446903573
2025-05-09 07:16:00,19,27.838313566496044
2025-05-09 07:17:00,17,27.153872140338034
2025-05-09 07:18:00,18,27.39217375976964
2025-05-09 07:19:00,18,27.540376399214484
2025-05-09 07:20:00,16,27.7682831061271
2025-05-09 07:21:00,16,27.69989545188512
2025-05-09 07:22:00,18,27.770020971447167
2025-05-09 07:23:00,17,27.73015955313162
2025-05-09 07:24:00,16,27.444475846362547
2025-05-09 07:25:00,16,27.88954491878587
2025-05-09 07:26:00,17,27.53426778854402
2025-05-09 07:27:00,17,27.829796364482554
2025-05-09 07:28:00,18,27.776072675400123
2025-05-09 07:29:00,17,27.67275545322989
2025-05-09 07:30:00,15,27.8682942658388
2025-05-09 07:31:00,13,27.66078992980864
2025-05-09 07:32:00,13,27.832592289272675
2025-05-09 07:33:00,12,27.49044054540405
2025-05-09 07:34:00,14,27.34524801315608
2025-05-09 07:35:00,13,27.849784601002867
2025-05-09 07:36:00,11,27.93813640671649
2025-05-09 07:37:00,11,27.681921181075317
2025-05-09 07:38:00,13,28.32806718848577
2025-05-09 07:39:00,12,27.91595137233876
2025-05-09 07:40:00,12,27.641629271812057
2025-05-09 07:41:00,12,27.94647865507715
2025-05-09 07:42:00,12,27.689432005393176
2025-05-09 07:43:00,13,27.515420404303907
2025-05-09 07:44:00,13,27.964346905427057
2025-05-09 07:45:00,15,27.80962367475673
2025-05-09 07:46:00,14,27.794139792889855
2025-05-09 07:47:00,12,27.842750373534223
2025-05-09 07:48:00,11,28.008946264991003
2025-05-09 07:49:00,9,28.22910229179441
2025-05-09 07:50:00,9,28.08321493725404
2025-05-09 07:51:00,8,27.996962282525097
2025-05-09 07:52:00,6,27.95799958311351
2025-05-09 07:53:00,4,28.114347744721236
2025-05-09 07:54:00,5,28.19984484661002
2025-05-09 07:55:00,4,27.810024169967846
2025-05-09 07:56:00,5,28.22265290135752
2025-05-09 07:57:00,4,28.032897241595634
2025-05-09 07:58:00,4,27.779225609046588
2025-05-09 07:59:00,5,27.96697293298843
2025-05-09 08:00:00,3,27.507377665696723
2025-05-09 08:01:00,1,28.156663832347675
2025-05-09 08:02:00,0,27.842188843724813
2025-05-09 08:03:00,0,27.95300125507248
2025-05-09 08:04:00,0,27.67785572416564
2025-05-09 08:05:00,0,27.15417986724343
2025-05-09 08:06:00,0,27.824177150627733
2025-05-09 08:07:00,0,27.822968107472256
2025-05-09 08:08:00,1,27.729687160634477
2025-05-09 08:09:00,0,27.98143088724314
2025-05-09 08:10:00,2,27.70176675278265
2025-05-09 08:11:00,2,27.71325150907658
2025-05-09 08:12:00,1,27.804702732631497
2025-05-09 08:13:00,1,27.75124523160738
2025-05-09 08:14:00,0,27.09311503028079
2025-05-09 08:15:00,0,27.79227379320337
2025-05-09 08:16:00,0,27.25655119350647
2025-05-09 08:17:00,0,27.010427540306615
2025-05-09 08:18:00,1,27.03599100851954
2025-05-09 08:19:00,2,26.78983055556231
2025-05-09 08:20:00,3,26.72424047214274
2025-05-09 08:21:00,1,26.966760765266006
2025-05-09 08:22:00,1,26.81898131582069
2025-05-09 08:23:00,0,26.641387989083405
2025-05-09 08:24:00,0,26.715975351255132
2025-05-09 08:25:00,0,26.285509306372813
2025-05-09 08:26:00,1,26.610573078106523
2025-05-09 08:27:00,3,26.417834655146322
2025-05-09 08:28:00,1,26.34239581301223
2025-05-09 08:29:00,0,26.73850511083989
2025-05-09 08:30:00,1,26.381549801808276
2025-05-09 08:31:00,0,26.384114896922437
2025-05-09 08:32:00,0,26.074341564356395
2025-05-09 08:33:00,0,26.670911218855103
2025-05-09 08:34:00,0,26.263369154877218
2025-05-09 08:35:00,0,26.390645671565867
2025-05-09 08:36:00,1,26.263703567350472
2025-05-09 08:37:00,1,26.151457983827182
2025-05-09 08:38:00,0,26.254750090953973
2025-05-09 08:39:00,0,26.020376603597217
2025-05-09 08:40:00,2,26.371930365486474
2025-05-09 08:41:00,3,26.641294158778418
2025-05-09 08:42:00,4,26.288187517742642
2025-05-09 08:43:00,4,26.659665173695902
2025-05-09 08:44:00,3,26.298646467183016
2025-05-09 08:45:00,4,26.023843427206913
2025-05-09 08:46:00,3,26.069931366435778
2025-05-09 08:47:00,3,26.212568651719714
2025-05-09 08:48:00,2,26.046515098207117
2025-05-09 08:49:00,2,26.307186031086836
2025-05-09 08:50:00,1,26.140871435813192
2025-05-09 08:51:00,3,26.079117221700212
2025-05-09 08:52:00,4,25.730842201364666
2025-05-09 08:53:00,3,25.93798941363198
2025-05-09 08:54:00,0,25.86509455665788
2025-05-09 08:55:00,0,26.30753673645618
2025-05-09 08:56:00,0,25.665973442139833
2025-05-09 08:57:00,1,25.86256220328026
2025-05-09 08:58:00,0,26.152748624557656
2025-05-09 08:59:00,0,26.171317338889292
2025-05-09 09:00:00,0,25.886119372604565
2025-05-09 09:01:00,2,26.022908024575315
2025-05-09 09:02:00,1,25.734477609866726
2025-05-09 09:03:00,0,26.121840024479724
2025-05-09 09:04:00,2,25.929123963033703
2025-05-09 09:05:00,0,25.750807025798533
